id_rotas;WKT;nome;descrição;rota;linha_rota
1;POINT (-51.2227815 -30.0295744);Club Artístico Porto Alegrense;Local onde se situava a Beneficência Porto Alegrense, onde foi fundado em 1887 o Club Artístico Porto Alegrense, primeira associação policlassista, agregando aqueles que se denominavam artistas, marco do início do associativismo classista em Porto Alegre. A questão mais interessante a ser verificada, em termos de espacialidade, é que o a Beneficência Porto Alegrense ficava fora da antiga área urbana da cidade, ou seja, do lado de fora dos muros. ;Trajeto do Centro Histórico;LINESTRING (-51.2228956 -30.0296481, -51.2247088 -30.0297132, -51.2246015 -30.0286821, -51.2256529 -30.0286264, -51.2255027 -30.0274096, -51.2258889 -30.0263785, -51.2263503 -30.0265735, -51.2268545 -30.0267222, -51.2267043 -30.0278833, -51.2275734 -30.0282084, -51.2283566 -30.0283291, -51.2281205 -30.0285056, -51.2277558 -30.0307628, -51.2289359 -30.0305956, -51.2299981 -30.0304841, -51.2300088 -30.0299918, -51.2310817 -30.0298618)
1;POINT (-51.2228539 -30.0298786);Saibreira;No começo do século XIX a Praça Dom Feliciano também era um local de trabalho, pois naquela área se localizava uma saibreira, de onde se retirava saibro, normalmente usado parea a manutenção de estradas. O mais provável, é que trabalhadores escravizados realizassem o trabalho de extração (COSTA FRANCO, 1989, p.165-166). ;Trajeto do Centro Histórico;LINESTRING (-51.2228956 -30.0296481, -51.2247088 -30.0297132, -51.2246015 -30.0286821, -51.2256529 -30.0286264, -51.2255027 -30.0274096, -51.2258889 -30.0263785, -51.2263503 -30.0265735, -51.2268545 -30.0267222, -51.2267043 -30.0278833, -51.2275734 -30.0282084, -51.2283566 -30.0283291, -51.2281205 -30.0285056, -51.2277558 -30.0307628, -51.2289359 -30.0305956, -51.2299981 -30.0304841, -51.2300088 -30.0299918, -51.2310817 -30.0298618)
1;POINT (-51.2229719 -30.0293166);Chácara da Brigadeira;Nessa área da cidade, entre a Praça Dom Feliciano e a Voluntários da Pátria, se localizava durante o século XIX a Chácara da Brigadeira, que pertencia a sobrinha de Rafael Pinto Bandeira. Aqui é necessário chamar atenção para a presença de trabalhadores indígenas. Existem relatos de que nessa chácara trabalhavam peões de origem charrua, que haviam sido trazidos por Pinto Bandeira da região da Campanha para Porto Alegre (PORTO ALEGRE, 1940, p.48).;Trajeto do Centro Histórico;LINESTRING (-51.2228956 -30.0296481, -51.2247088 -30.0297132, -51.2246015 -30.0286821, -51.2256529 -30.0286264, -51.2255027 -30.0274096, -51.2258889 -30.0263785, -51.2263503 -30.0265735, -51.2268545 -30.0267222, -51.2267043 -30.0278833, -51.2275734 -30.0282084, -51.2283566 -30.0283291, -51.2281205 -30.0285056, -51.2277558 -30.0307628, -51.2289359 -30.0305956, -51.2299981 -30.0304841, -51.2300088 -30.0299918, -51.2310817 -30.0298618)
1;POINT (-51.224721 -30.0289028);Salão Cosmopolito ou Salão Roth;A Rua Dr. Flores era o principal ponto de encontro dos militantes operários nos anos 1880 e 1890, pois esse logradouro vinculava a principal artéria política e social da cidade (Rua dos Andradas) e o principal espaço de produção (Voluntários da Pátria). No atual número 185, quase na esquina do Beco do Rosário, se localizava o Salão Roth ou Salão Cosmopolita, que era um local de sociabilidade de imigrantes alemães e de trabalhadores. Nesse salão, se reuniam importantes associações, como o Clube dos Caixeiros Viajantes, a Sociedade Beneficente Protectora dos Mechanicos e a Sociedade Typographica Rio-Grandense. ;Trajeto do Centro Histórico;LINESTRING (-51.2228956 -30.0296481, -51.2247088 -30.0297132, -51.2246015 -30.0286821, -51.2256529 -30.0286264, -51.2255027 -30.0274096, -51.2258889 -30.0263785, -51.2263503 -30.0265735, -51.2268545 -30.0267222, -51.2267043 -30.0278833, -51.2275734 -30.0282084, -51.2283566 -30.0283291, -51.2281205 -30.0285056, -51.2277558 -30.0307628, -51.2289359 -30.0305956, -51.2299981 -30.0304841, -51.2300088 -30.0299918, -51.2310817 -30.0298618)
1;POINT (-51.2248524 -30.0286915);Beco do Rosário;A atual Avenida Otávio rocha corresponde ao que seria o antigo Beco do Rosário, que era uma rua tradicional e foi um local de moradia da classe trabalhadora, especialmente da população negra que tinha uma forte vinculação com a Igreja do Rosário. No entanto esse Beco foi destruído a partir dos anos 1920, em um processo de gentrificação dessa região e expulsão dos mais pobres para a periferia.  ;Trajeto do Centro Histórico;LINESTRING (-51.2228956 -30.0296481, -51.2247088 -30.0297132, -51.2246015 -30.0286821, -51.2256529 -30.0286264, -51.2255027 -30.0274096, -51.2258889 -30.0263785, -51.2263503 -30.0265735, -51.2268545 -30.0267222, -51.2267043 -30.0278833, -51.2275734 -30.0282084, -51.2283566 -30.0283291, -51.2281205 -30.0285056, -51.2277558 -30.0307628, -51.2289359 -30.0305956, -51.2299981 -30.0304841, -51.2300088 -30.0299918, -51.2310817 -30.0298618)
1;POINT (-51.2257826 -30.027516);Grêmio Antifascista Giacomo Matteotti;Na Rua Voluntários da Pátria, n.89, próximo da Vigário José Inácio, ficava o Velho Hotel Jung. Nesse lugar nasceu o Grêmio Antifascista Giacomo Matteotti, que surgiu a primeira sociedade antifascista de Porto Alegre, criada em 1926, por imigrantes italianos. Nesse grupo se destacavam profissionais liberais, intelectuais e artesãos, inclusive um ex-prefeito socialista de uma comuna italiana chamado Attilio Supertti, que havia fugido das perseguições em sua terra natal.;Trajeto do Centro Histórico;LINESTRING (-51.2228956 -30.0296481, -51.2247088 -30.0297132, -51.2246015 -30.0286821, -51.2256529 -30.0286264, -51.2255027 -30.0274096, -51.2258889 -30.0263785, -51.2263503 -30.0265735, -51.2268545 -30.0267222, -51.2267043 -30.0278833, -51.2275734 -30.0282084, -51.2283566 -30.0283291, -51.2281205 -30.0285056, -51.2277558 -30.0307628, -51.2289359 -30.0305956, -51.2299981 -30.0304841, -51.2300088 -30.0299918, -51.2310817 -30.0298618)
1;POINT (-51.2256646 -30.0274161);Rua Voluntários da Pátria;A Rua Voluntários da Pátria foi o local para onde a industrialização se espraiou em direção à zona norte da cidade. Essa avenida, que estava localizada de forma bastante estratégica ao longo de trapiches e da Estrada de Ferro, foi um vetor da indústria e do comércio, por isso muitas organizações operárias se localizaram nessa região. ;Trajeto do Centro Histórico;LINESTRING (-51.2228956 -30.0296481, -51.2247088 -30.0297132, -51.2246015 -30.0286821, -51.2256529 -30.0286264, -51.2255027 -30.0274096, -51.2258889 -30.0263785, -51.2263503 -30.0265735, -51.2268545 -30.0267222, -51.2267043 -30.0278833, -51.2275734 -30.0282084, -51.2283566 -30.0283291, -51.2281205 -30.0285056, -51.2277558 -30.0307628, -51.2289359 -30.0305956, -51.2299981 -30.0304841, -51.2300088 -30.0299918, -51.2310817 -30.0298618)
1;POINT (-51.2263415 -30.0264202);Salão Operário;"O salão da Avenida Julio de Castilhos, n.38, também conhecido como ""Salão Operário"", serviu de sede e local de reuniões para diversos sindicatos e associações durante os anos 1930. A escolha do local foi parte do processo de centralização de algumas associações em poucos endereços, com destaque para entidades de trabalhadores marítimos. Em 1933, o prédio se torna endereço do Syndicato dos Trabalhadores em Madeira e Classes Anexas Syndicato dos Conferentes de Cargas das Companhias de Navegação Syndicato dos Trabalhadores na Indústria Chapeleira Syndicato dos Trabalhadores em Fábrica de Mosaicos Sindicato dos Operadores de Bombas de Gasolina Syndicato dos Práticos, dos Motoristas, dos Foguistas e Carvoeiros Syndicato dos Taifeiros Syndicato dos Marinheiros e Moços de Bordo da Navegação Fluvial e Syndicato dos Pedreiros e Classes Anexas. Em outubro de 1937, aparece como local de reunião antinazista da Liga Fur Menschenrecht de Porto Alegre. ";Trajeto do Centro Histórico;LINESTRING (-51.2228956 -30.0296481, -51.2247088 -30.0297132, -51.2246015 -30.0286821, -51.2256529 -30.0286264, -51.2255027 -30.0274096, -51.2258889 -30.0263785, -51.2263503 -30.0265735, -51.2268545 -30.0267222, -51.2267043 -30.0278833, -51.2275734 -30.0282084, -51.2283566 -30.0283291, -51.2281205 -30.0285056, -51.2277558 -30.0307628, -51.2289359 -30.0305956, -51.2299981 -30.0304841, -51.2300088 -30.0299918, -51.2310817 -30.0298618)
1;POINT (-51.2278247 -30.027853);Mercado Público;A Praça XV de novembro sempre foi um local de trabalho e de grande concentração popular. No século XIX era o passo dos ferreiros, vinculados ao Porto e ao Rio. Próximo do final da Rua Uruguai, ficava o primeiro Estaleiro Só, de 1805, uma das primeiras fábricas de Porto Alegre, que contava com mão-de-obra escravizada. Também é o local onde foi instalado do Mercado Público, concluído em 1869, onde havia uma grande concentração de operários e operárias. No ano de 1870, as quitandeiras foram transferidas para o entorno do Mercado, essas eram mulheres negras que vendiam diversos tipos de alimentos, como doces, frutas e quitutes. Próximo dali também ficava a Doca das Frutas, onde ancoravam embarcações que abasteciam o Mercado Público. Este é um local em que a memória do trabalho está muito presente. A Praça XV de Novembro também é o lugar de onde saíram as primeiras grandes manifestações da classe trabalhadora organizada, que foram os protestos contra a Tarifa Especial em 1889 e contra o Banco Emissor em 1890, organizados pela Liga Agrícola Industrial. Nos anos 1928-1930, na Praça Parobé se localizava a sede do BOC e do PCB, sendo centro nevrálgico do movimento operário no final dos anos 1920. ;Trajeto do Centro Histórico;LINESTRING (-51.2228956 -30.0296481, -51.2247088 -30.0297132, -51.2246015 -30.0286821, -51.2256529 -30.0286264, -51.2255027 -30.0274096, -51.2258889 -30.0263785, -51.2263503 -30.0265735, -51.2268545 -30.0267222, -51.2267043 -30.0278833, -51.2275734 -30.0282084, -51.2283566 -30.0283291, -51.2281205 -30.0285056, -51.2277558 -30.0307628, -51.2289359 -30.0305956, -51.2299981 -30.0304841, -51.2300088 -30.0299918, -51.2310817 -30.0298618)
1;POINT (-51.2274546 -30.0283592);Praça XV de Novembro;A Praça XV de novembro sempre foi um local de trabalho e de grande concentração popular. No século XIX era o passo dos ferreiros, vinculados ao Porto e ao Rio. Próximo do final da Rua Uruguai, ficava o primeiro Estaleiro Só, de 1805, uma das primeiras fábricas de Porto Alegre, que contava com mão-de-obra escravizada. Também é o local onde foi instalado do Mercado Público, concluído em 1869, onde havia uma grande concentração de operários e operárias. No ano de 1870, as quitandeiras foram transferidas para o entorno do Mercado, essas eram mulheres negras que vendiam diversos tipos de alimentos, como doces, frutas e quitutes. Próximo dali também ficava a Doca das Frutas, onde ancoravam embarcações que abasteciam o Mercado Público. Este é um local em que a memória do trabalho está muito presente. A Praça XV de Novembro também é o lugar de onde saíram as primeiras grandes manifestações da classe trabalhadora organizada, que foram os protestos contra a Tarifa Especial em 1889 e contra o Banco Emissor em 1890, organizados pela Liga Agrícola Industrial. Nos anos 1928-1930, na Praça Parobé se localizava a sede do BOC e do PCB, sendo centro nevrálgico do movimento operário no final dos anos 1920. ;Trajeto do Centro Histórico;LINESTRING (-51.2228956 -30.0296481, -51.2247088 -30.0297132, -51.2246015 -30.0286821, -51.2256529 -30.0286264, -51.2255027 -30.0274096, -51.2258889 -30.0263785, -51.2263503 -30.0265735, -51.2268545 -30.0267222, -51.2267043 -30.0278833, -51.2275734 -30.0282084, -51.2283566 -30.0283291, -51.2281205 -30.0285056, -51.2277558 -30.0307628, -51.2289359 -30.0305956, -51.2299981 -30.0304841, -51.2300088 -30.0299918, -51.2310817 -30.0298618)
1;POINT (-51.2285499 -30.0283585);Praça Montevidéu;A Intendência pode ser considerada um ponto de memória da classe trabalhadora pois ela foi local de reunião e de organização da categoria dos funcionários públicos municipais desde pelo menos 1904, quando faziam suas assembleias a Sociedade Beneficente União Municipal. Nos anos seguintes, outras entidades, como a Associação dos Funcionários Públicos Municipaes, continuaram usando o local como ponto de reunião. Por outro lado, a Praça Montevidéu foi um local onde se deu uma das mais duras repressões às manifestações operárias durante a Primeira República, quando no dia 7 de setembro, durante a Greve de 1919. Durante essa greve ocorreu um processo de radicalização das reivindicações dos trabalhadores, ao mesmo tempo em que o Governo Estadual se mostrou mais disposto a intervir no conflito trabalhista, para encerra-lo de forma violenta. Se valendo de um sentimento anticomunista nascente, os trabalhadores sofreram uma dura retaliação e o operária da Carris, Fernando Oliveira, foi morto pela polícia enquanto fugia pela Rua Uruguai, vindo a cair na esquina da Rua dos Andradas.  ;Trajeto do Centro Histórico;LINESTRING (-51.2228956 -30.0296481, -51.2247088 -30.0297132, -51.2246015 -30.0286821, -51.2256529 -30.0286264, -51.2255027 -30.0274096, -51.2258889 -30.0263785, -51.2263503 -30.0265735, -51.2268545 -30.0267222, -51.2267043 -30.0278833, -51.2275734 -30.0282084, -51.2283566 -30.0283291, -51.2281205 -30.0285056, -51.2277558 -30.0307628, -51.2289359 -30.0305956, -51.2299981 -30.0304841, -51.2300088 -30.0299918, -51.2310817 -30.0298618)
1;POINT (-51.2278268 -30.0308528);Beco General Paranhos;A Avenida Borges de Medeiros, que liga o Centro da cidade com a zona sul, foi aberta entre os anos de 1925 e 1935, com a construção de um grande viaduto (Viaduto Octávio Rocha), entre 1928 e 1932. Foi uma das maiores obras arquitetônicas da capital e pode ser considerado um lugar de memória dos trabalhadores, por ter mobilizado um grande número de operários para a sua construção. Outro elemento, porém, foi o efeito sobre as pessoas que moravam na região. Antes da abertura da avenida havia o Beco General Paranhos, uma rua estreita e íngreme habitada especialmente por trabalhadores pobres. O Beco General Paranhos foi desmontado e no seu local foram construídos grandes espigões, sendo um fator de expulsão e elitização daquela região da cidade.;Trajeto do Centro Histórico;LINESTRING (-51.2228956 -30.0296481, -51.2247088 -30.0297132, -51.2246015 -30.0286821, -51.2256529 -30.0286264, -51.2255027 -30.0274096, -51.2258889 -30.0263785, -51.2263503 -30.0265735, -51.2268545 -30.0267222, -51.2267043 -30.0278833, -51.2275734 -30.0282084, -51.2283566 -30.0283291, -51.2281205 -30.0285056, -51.2277558 -30.0307628, -51.2289359 -30.0305956, -51.2299981 -30.0304841, -51.2300088 -30.0299918, -51.2310817 -30.0298618)
1;POINT (-51.229066 -30.0306252);Sociedade Espanhola de Socorros Mútuos;A Sociedade Espanhola de Socorros Mútuos, foi fundada em 1893, com o intuito de ajudar os imigrantes em dificuldade, especialmente com o oferecimento de serviços de assistência médica. Nos anos 1900, membros dessa sociedade aparecem fazendo parte de ações promovidas por militantes socialistas. Durante os anos 1930, depois da Proclamação da República Espanhola, foi criado o Centro Republicano Espanhol, que se reunia na sede da Sociedade. Logo após eclodir a Guerra Civil Espanhola, em 1936, o Centro Republicano passou a articular a resistência antifascista na comunidade espanhola e depois da Guerra, o prédio da Sociedade Espanhola passou a agregar a comunidade antifranquista de Porto Alegre, recebendo imigrantes que fugiam da Ditadura de Franco. Durante os anos 1940 e 50, ocorre a divisão entre diferentes sociedades, com a criação de uma Casa de Espanha, controlada pelos nacionalistas. Esses grupos vão se reunir em 1992, no atual Centro Espanhol.;Trajeto do Centro Histórico;LINESTRING (-51.2228956 -30.0296481, -51.2247088 -30.0297132, -51.2246015 -30.0286821, -51.2256529 -30.0286264, -51.2255027 -30.0274096, -51.2258889 -30.0263785, -51.2263503 -30.0265735, -51.2268545 -30.0267222, -51.2267043 -30.0278833, -51.2275734 -30.0282084, -51.2283566 -30.0283291, -51.2281205 -30.0285056, -51.2277558 -30.0307628, -51.2289359 -30.0305956, -51.2299981 -30.0304841, -51.2300088 -30.0299918, -51.2310817 -30.0298618)
1;POINT (-51.2298906 -30.0300481);Sindicato dos Músicos;O edifício da Livraria Americana foi construído em 1907, e logo após a sua inauguração, ele recebeu uma organização de trabalhadores, a Associação dos Empregados do Comercio. No 1º andar estavam a sala de recepção, a secretaria, a sala de café, o gabinete dos presidentes, as salas de leitura, a sala de consulta médica, salas para pequenas cirurgias e exames médicos  no 2º andar está localizado o museu, a sala de bilhar, a sala de jogos e o buffet. Nos anos 1920, o edifício (já como altos do Café Vera Cruz), recebeu a associação dos bancários e no final da década, a associação de motoristas e proprietários de ônibus. Em frente ao prédio ficava a Confeitaria Colombo, depois Coroa, onde foi fundado em 1934 o Sindicato Musical Porto Alegrense, que funcionou no prédio em frente. Já existia um Centro Musical, mas essa foi uma tentativa de se beneficiar das leis de sindicalização e seus benefícios, mostrando uma tentativa de organização profissional dos artistas da música. Mesmo assim, o espaço também era voltado para atividades artísticas, pois foi no Sindicato que Lupicínio Rodrigues e Sadi Nolasco fundou a primeira Escola de Samba da cidade em julho de 1937.;Trajeto do Centro Histórico;LINESTRING (-51.2228956 -30.0296481, -51.2247088 -30.0297132, -51.2246015 -30.0286821, -51.2256529 -30.0286264, -51.2255027 -30.0274096, -51.2258889 -30.0263785, -51.2263503 -30.0265735, -51.2268545 -30.0267222, -51.2267043 -30.0278833, -51.2275734 -30.0282084, -51.2283566 -30.0283291, -51.2281205 -30.0285056, -51.2277558 -30.0307628, -51.2289359 -30.0305956, -51.2299981 -30.0304841, -51.2300088 -30.0299918, -51.2310817 -30.0298618)
1;POINT (-51.2311626 -30.0295848);Praça da Alfândega;A Praça da Alfândega foi um ponto muito importante para a mobilização da classe trabalhadora, desde os primórdios da República. Foi na Praça da Alfândega, na época Senador Florêncio, onde ocorreu a pioneira atividade de 1º de Maio em Porto Alegre, organizada por trabalhadores nacionais e imigrantes, no ano de 1892. Também na Praça da Alfândega ocorreram atividades de mobilização na Greve de 1906, onde pela primeira vez surgiu a ideia da Federação Operária  também foi o local de deflagração da Greve Geral de 1917, quando ocorreu o início da maior Greve Geral da história da Primeira República. Em 1955, foi instalada uma homenagem à Carta Testamento de Vargas, que tem os trabalhadores como sujeitos, obra do artesão Alvis Fiedler de Caxias do Sul.;Trajeto do Centro Histórico;LINESTRING (-51.2228956 -30.0296481, -51.2247088 -30.0297132, -51.2246015 -30.0286821, -51.2256529 -30.0286264, -51.2255027 -30.0274096, -51.2258889 -30.0263785, -51.2263503 -30.0265735, -51.2268545 -30.0267222, -51.2267043 -30.0278833, -51.2275734 -30.0282084, -51.2283566 -30.0283291, -51.2281205 -30.0285056, -51.2277558 -30.0307628, -51.2289359 -30.0305956, -51.2299981 -30.0304841, -51.2300088 -30.0299918, -51.2310817 -30.0298618)
1;POINT (-51.2309802 -30.0295244);Praça da Alfãndega;A Praça da Alfândega foi o primeiro ponto de colonização açoriana de Porto Alegre, e sempre teve relações com o mundo do trabalho. Em 1804, o Governador da Capitania mandou construir um trapiche para o desembarque de gêneros de serventia pública e em 1820, foi construído o primeiro prédio da Alfândega, no meio da Praça. O Rio começava onde hoje passa a Avenida 7 de setembro, onde foi construído o prédio da Delegacia Fiscal e o trapiche (com seu barracão) acabava na Siqueira Campos. Durante o século XIX, nessa mesma região também se estabeleceram as quitandeiras, que eram trabalhadoras negras que vendiam diversos gêneros alimentícios. Em 1912, o prédio foi demolido e foi iniciado o grande aterro de cem metros sobre o rio, mudando a configuração e o sentido daquele espaço. ;Trajeto do Centro Histórico;LINESTRING (-51.2228956 -30.0296481, -51.2247088 -30.0297132, -51.2246015 -30.0286821, -51.2256529 -30.0286264, -51.2255027 -30.0274096, -51.2258889 -30.0263785, -51.2263503 -30.0265735, -51.2268545 -30.0267222, -51.2267043 -30.0278833, -51.2275734 -30.0282084, -51.2283566 -30.0283291, -51.2281205 -30.0285056, -51.2277558 -30.0307628, -51.2289359 -30.0305956, -51.2299981 -30.0304841, -51.2300088 -30.0299918, -51.2310817 -30.0298618)
2;POINT (-51.2279649 -30.0366547);Casa de Xavier da Costa e Secretaria da Federação Operária do Rio Grande do Sul;No começo do século XX, a casa do líder socialista Francisco Xavier da Costa ficava na esquina da Coronel Genuíno com o Beco General Paranhos (atual Borges de Medeiros). Em sua casa funcionaram a sede da Confederação Obreira e a redação do jornal A Democracia em 1905, ali também se instalou a Secretaria da Federação Operária do Rio Grande do Sul quando de sua fundação em 1907 e a Secretaria do Grêmio das Artes Gráficas e Correlatas. ;Trajeto Cidade Baixa;LINESTRING (-51.2278262 -30.0366203, -51.2264314 -30.0348927, -51.225659 -30.034837, -51.2253124 -30.0345657, -51.2240496 -30.0333137, -51.2223759 -30.0347998, -51.2234274 -30.0368061, -51.2228266 -30.0373076, -51.2200419 -30.0393648, -51.2208095 -30.0389051, -51.2221037 -30.0396284, -51.2227836 -30.0401125, -51.2232332 -30.039876, -51.222848 -30.040224, -51.225144 -30.0415428, -51.2247792 -30.042323, -51.2246075 -30.0426016, -51.2227622 -30.04184, -51.222333 -30.0425087, -51.2210027 -30.0420444, -51.2198225 -30.0432331, -51.2197796 -30.0437347)
2;POINT (-51.2277664 -30.0363761);Casas de Trabalhadores na Cidade Baixa;Onde hoje se encontra a Praça General Daltro Filho haviam casas populares, sendo que uma delas era a residência do líder socialista Francisco Xavier da Costa, na esquina da Coronel Genuíno com o Beco General Paranhos. ;Trajeto Cidade Baixa;LINESTRING (-51.2278262 -30.0366203, -51.2264314 -30.0348927, -51.225659 -30.034837, -51.2253124 -30.0345657, -51.2240496 -30.0333137, -51.2223759 -30.0347998, -51.2234274 -30.0368061, -51.2228266 -30.0373076, -51.2200419 -30.0393648, -51.2208095 -30.0389051, -51.2221037 -30.0396284, -51.2227836 -30.0401125, -51.2232332 -30.039876, -51.222848 -30.040224, -51.225144 -30.0415428, -51.2247792 -30.042323, -51.2246075 -30.0426016, -51.2227622 -30.04184, -51.222333 -30.0425087, -51.2210027 -30.0420444, -51.2198225 -30.0432331, -51.2197796 -30.0437347)
2;POINT (-51.2293826 -30.0385112);Estrada de Ferro do Riacho;Ao sul dos Largo dos Açorianos, próximo do antigo leito do Arroio Dilúvio, ficava a Estação da Estrada de Ferro do Riacho, que foi aberta em 1899, para servir ao transporte de dejetos que a cidade produzia. A partir de 1900, este trem passou a transportar passageiros para o Arrabalde da Tristeza. Ao lado da Estação, existia uma cooperativa e mais tarde ficava o Clube Ferroviário Aymoré (atualmente destruídos). A Cidade Baixa se caracterizava pela grande presença de trabalhadores na área do transporte e a presença da Estrada de Ferro do Riacho é uma das marcas desta presença. ;Trajeto Cidade Baixa;LINESTRING (-51.2278262 -30.0366203, -51.2264314 -30.0348927, -51.225659 -30.034837, -51.2253124 -30.0345657, -51.2240496 -30.0333137, -51.2223759 -30.0347998, -51.2234274 -30.0368061, -51.2228266 -30.0373076, -51.2200419 -30.0393648, -51.2208095 -30.0389051, -51.2221037 -30.0396284, -51.2227836 -30.0401125, -51.2232332 -30.039876, -51.222848 -30.040224, -51.225144 -30.0415428, -51.2247792 -30.042323, -51.2246075 -30.0426016, -51.2227622 -30.04184, -51.222333 -30.0425087, -51.2210027 -30.0420444, -51.2198225 -30.0432331, -51.2197796 -30.0437347)
2;POINT (-51.2253124 -30.0345657);União dos Operários Estivadores;Em janeiro de 1925, a União dos Operários Estivadores passou a se reunir no antigo Beco do Oitavo. É importante ressaltar que essa categoria tinha uma forte presença de trabalhadores negros, sendo que esta região do bairro, desde pelo menos o século XIX, estava marcada pela presença dos batuques da Mãe Rita. Em 1926, a sede dos estivadores também serviu de local para reunião dos empregados da Força e Luz. Em setembro de 1931, o Conselho Consultivo dos Trabalhadores de Porto Alegre foi fundado nesse prédio, por iniciativa de Xavier da Costa, com um representante de cada entidade de classe para reorganizar o proletariado na busca por seus direitos, como efeito da Revolução de 1930.;Trajeto Cidade Baixa;LINESTRING (-51.2278262 -30.0366203, -51.2264314 -30.0348927, -51.225659 -30.034837, -51.2253124 -30.0345657, -51.2240496 -30.0333137, -51.2223759 -30.0347998, -51.2234274 -30.0368061, -51.2228266 -30.0373076, -51.2200419 -30.0393648, -51.2208095 -30.0389051, -51.2221037 -30.0396284, -51.2227836 -30.0401125, -51.2232332 -30.039876, -51.222848 -30.040224, -51.225144 -30.0415428, -51.2247792 -30.042323, -51.2246075 -30.0426016, -51.2227622 -30.04184, -51.222333 -30.0425087, -51.2210027 -30.0420444, -51.2198225 -30.0432331, -51.2197796 -30.0437347)
2;POINT (-51.2219701 -30.0347304);Garagem e Oficinas da Companhia Carris Portoalegrense;Em frente à Várzea, ficavam as oficinas e garagem dos bondes da Companhia Carris Porto-alegrense, local que guardava os carros, mas também concentrava atividades produtivas, funcionando em alguns momentos como pequena fábrica. A empresa foi criada em 1872 durante um determinado período, a partir de 1906, passou se chamou Companhia de Força e Luz, incluindo os serviços de energia e também bondes elétricos. Nos anos 1920, a empresa é adquirida pela Bond and Share, de capital norte-americano. Em 1926, a empresa é desmembrada e volta a se chamar Carris, dedicando-se apenas ao transporte. O capital norte-americano dinamiza a empresa, mas também prejudica muito os operários. A encampação se concretiza em 1954 e as linhas de bonde são desativadas em 1970, com a garagem sendo definitivamente desativada e destruída.  ;Trajeto Cidade Baixa;LINESTRING (-51.2278262 -30.0366203, -51.2264314 -30.0348927, -51.225659 -30.034837, -51.2253124 -30.0345657, -51.2240496 -30.0333137, -51.2223759 -30.0347998, -51.2234274 -30.0368061, -51.2228266 -30.0373076, -51.2200419 -30.0393648, -51.2208095 -30.0389051, -51.2221037 -30.0396284, -51.2227836 -30.0401125, -51.2232332 -30.039876, -51.222848 -30.040224, -51.225144 -30.0415428, -51.2247792 -30.042323, -51.2246075 -30.0426016, -51.2227622 -30.04184, -51.222333 -30.0425087, -51.2210027 -30.0420444, -51.2198225 -30.0432331, -51.2197796 -30.0437347)
2;POINT (-51.2228399 -30.0371904);Grêmio Sportivo Força e Luz;No começo da década de 1930, a Sede social do Grêmio Sportivo Força e Luz se localizava na Rua Lima e Silva, próximo da garagem dos Bondes e da Cooperativa de Empregados. O Força e Luz foi um clube de futebol fundado por trabalhadores da Companhia de Força e Luz em setembro de 1922 no arrabalde da Azenha e seu primeiro campo se localizava no cruzamento das linhas de bonde da Glória e de Teresópolis. O GS Força e Luz foi o primeiro clube de futebol operário de destaque de Porto Alegre, antecedendo outras associações como o Nacional (dos ferroviários) e o Renner (da companhia têxtil do mesmo nome). O clube permaneceu disputando campeonatos oficialmente até a década de 1970.;Trajeto Cidade Baixa;LINESTRING (-51.2278262 -30.0366203, -51.2264314 -30.0348927, -51.225659 -30.034837, -51.2253124 -30.0345657, -51.2240496 -30.0333137, -51.2223759 -30.0347998, -51.2234274 -30.0368061, -51.2228266 -30.0373076, -51.2200419 -30.0393648, -51.2208095 -30.0389051, -51.2221037 -30.0396284, -51.2227836 -30.0401125, -51.2232332 -30.039876, -51.222848 -30.040224, -51.225144 -30.0415428, -51.2247792 -30.042323, -51.2246075 -30.0426016, -51.2227622 -30.04184, -51.222333 -30.0425087, -51.2210027 -30.0420444, -51.2198225 -30.0432331, -51.2197796 -30.0437347)
2;POINT (-51.2200419 -30.0393648);Fábrica de Cerâmica de Frederico Casper;A região da Avenida General Lima e Silva era bastante úmida e com terreno argiloso, por conta da proximidade dos rios e por esta razão havia um bom número de olarias e oficinas de trabalho com argila. Em 1813, já existiam registros da Olaria de João José de Oliveira Guimarães, o Joãozinho da Olaria, que ficava de frente para a Várzea. Nas primeiras décadas do século XX, surge a Fábrica de Louças de Frederico Casper, abrangendo uma vasta área entre as Ruas Luís Affonso e Octávio Correa. Na segunda metade do século XX, a estrutura acabou nas mãos do Montepio dos Funcionários Públicos de Porto Alegre, transformando-se em um centro comercial em 1995. Atualmente, boa parte da estrutura desapareceu para dar lugar a um empreendimento imobiliário.  ;Trajeto Cidade Baixa;LINESTRING (-51.2278262 -30.0366203, -51.2264314 -30.0348927, -51.225659 -30.034837, -51.2253124 -30.0345657, -51.2240496 -30.0333137, -51.2223759 -30.0347998, -51.2234274 -30.0368061, -51.2228266 -30.0373076, -51.2200419 -30.0393648, -51.2208095 -30.0389051, -51.2221037 -30.0396284, -51.2227836 -30.0401125, -51.2232332 -30.039876, -51.222848 -30.040224, -51.225144 -30.0415428, -51.2247792 -30.042323, -51.2246075 -30.0426016, -51.2227622 -30.04184, -51.222333 -30.0425087, -51.2210027 -30.0420444, -51.2198225 -30.0432331, -51.2197796 -30.0437347)
2;POINT (-51.2221037 -30.0396284);União Internacional dos Chauffeurs;Este local foi sede do Amparo dos Automobilistas, que foi uma categoria que começou a se organizar a partir da década de 1920, com a publicação do jornal O Automobilista. Nesse período é importante citar a figura de Anna Libonatti Avena, que era uma mulher de origem nobre e que foi articuladora dessa categoria. Se organizam em 1927, na Rua dos Venezianos e é nos anos 1930 que esse grupo, influenciado pelo PRR, vai passar a ter sua sede na Luis Affonso. ;Trajeto Cidade Baixa;LINESTRING (-51.2278262 -30.0366203, -51.2264314 -30.0348927, -51.225659 -30.034837, -51.2253124 -30.0345657, -51.2240496 -30.0333137, -51.2223759 -30.0347998, -51.2234274 -30.0368061, -51.2228266 -30.0373076, -51.2200419 -30.0393648, -51.2208095 -30.0389051, -51.2221037 -30.0396284, -51.2227836 -30.0401125, -51.2232332 -30.039876, -51.222848 -30.040224, -51.225144 -30.0415428, -51.2247792 -30.042323, -51.2246075 -30.0426016, -51.2227622 -30.04184, -51.222333 -30.0425087, -51.2210027 -30.0420444, -51.2198225 -30.0432331, -51.2197796 -30.0437347)
2;POINT (-51.223323 -30.0399108);Sociedade Beneficente Alliança dos Operários;A Alliança dos Operários era uma entidade recreativa da comunidade da Cidade Baixa que se dedicava a organizar bailes e festas de carnaval. O fato da associação se identificar como operária, mostra como a identidade vinculada à classe trabalhadora era difundida na comunidade. A casa na Rua da Concórdia era a residência de Jacinto de Oliveira, servindo como local de reuniões de associados e de festas solenes. Até o ano de 1914, o endereço do Sr. aparece algumas vezes como sede da entidade.  ;Trajeto Cidade Baixa;LINESTRING (-51.2278262 -30.0366203, -51.2264314 -30.0348927, -51.225659 -30.034837, -51.2253124 -30.0345657, -51.2240496 -30.0333137, -51.2223759 -30.0347998, -51.2234274 -30.0368061, -51.2228266 -30.0373076, -51.2200419 -30.0393648, -51.2208095 -30.0389051, -51.2221037 -30.0396284, -51.2227836 -30.0401125, -51.2232332 -30.039876, -51.222848 -30.040224, -51.225144 -30.0415428, -51.2247792 -30.042323, -51.2246075 -30.0426016, -51.2227622 -30.04184, -51.222333 -30.0425087, -51.2210027 -30.0420444, -51.2198225 -30.0432331, -51.2197796 -30.0437347)
2;POINT (-51.2247408 -30.0420573);Chácara de Lopo Gonçalves e Fábrica de Velas de Albano Volkmer;Lopo Gonçalves foi um comerciante português que adquiriu uma chácara na região da Cidade Baixa, construindo um solar entre os anos de 1845 e 1955, logo depois da Revolução Farroupilha. A Chácara de Lopo Gonçalves era muito extensa e um grande número de trabalhadores escravizados viviam ali, no plantio e na colheita de frutas e verduras e no porto que escoava a produção pelo Arroio Dilúvio. A Chácara foi sendo loteada e acabou sendo comprada por Albano Volkmer, que em 1946, instalou no solar uma Fábrica de Velas. A casa estava para ser derrubada e o terreno para ser loteado, quando uma campanha pela preservação permitiu que a edificação permanecesse de pé e se tornasse o Museu da Cidade em 1979.  ;Trajeto Cidade Baixa;LINESTRING (-51.2278262 -30.0366203, -51.2264314 -30.0348927, -51.225659 -30.034837, -51.2253124 -30.0345657, -51.2240496 -30.0333137, -51.2223759 -30.0347998, -51.2234274 -30.0368061, -51.2228266 -30.0373076, -51.2200419 -30.0393648, -51.2208095 -30.0389051, -51.2221037 -30.0396284, -51.2227836 -30.0401125, -51.2232332 -30.039876, -51.222848 -30.040224, -51.225144 -30.0415428, -51.2247792 -30.042323, -51.2246075 -30.0426016, -51.2227622 -30.04184, -51.222333 -30.0425087, -51.2210027 -30.0420444, -51.2198225 -30.0432331, -51.2197796 -30.0437347)
2;POINT (-51.2230733 -30.0420615);União dos Empregados em Padaria;Os padeiros tiveram uma longa história de luta e resistência em Porto Alegre, especialmente pela regulamentação de seu horário de trabalho. Sua organização iniciou-se com a União de Resistência Padeiral, no arrabalde da Floresta, e logo após, no início dos anos 1910, a União dos Empregados em Padaria se estabeleceu na Cidade Baixa. Em 1912 a UEP ocupava este sobrado, na Rua Lopo Gonçalves. Durante esta década os empregados em padaria se constituíram em uma das categorias mais ativas na cidade, especialmente depois da Greve Geral de 1917. Ao lado desse prédio, se localiza a Travessa dos Venezianos, um conjunto de 17 bens tombados pelo Patrimônio Histórico e Cultural de Porto Alegre. A Travessa Venezianos está localizada próxima à periferia sul do bairro Cidade Baixa, entre as ruas Lopo Gonçalves e Joaquim Nabuco. Está é uma forma típica de moradia operária, através das chamadas “avenidas” que entravam pelas principais ruas da periferia da cidade e onde haviam diversas casinhas de porto e janela. ;Trajeto Cidade Baixa;LINESTRING (-51.2278262 -30.0366203, -51.2264314 -30.0348927, -51.225659 -30.034837, -51.2253124 -30.0345657, -51.2240496 -30.0333137, -51.2223759 -30.0347998, -51.2234274 -30.0368061, -51.2228266 -30.0373076, -51.2200419 -30.0393648, -51.2208095 -30.0389051, -51.2221037 -30.0396284, -51.2227836 -30.0401125, -51.2232332 -30.039876, -51.222848 -30.040224, -51.225144 -30.0415428, -51.2247792 -30.042323, -51.2246075 -30.0426016, -51.2227622 -30.04184, -51.222333 -30.0425087, -51.2210027 -30.0420444, -51.2198225 -30.0432331, -51.2197796 -30.0437347)
2;POINT (-51.2226239 -30.0420415);Travessa dos Venezianos;Os padeiros tiveram uma longa história de luta e resistência em Porto Alegre, especialmente pela regulamentação de seu horário de trabalho. Sua organização iniciou-se com a União de Resistência Padeiral, no arrabalde da Floresta, e logo após, no início dos anos 1910, a União dos Empregados em Padaria se estabeleceu na Cidade Baixa. Em 1912 a UEP ocupava este sobrado, na Rua Lopo Gonçalves. Durante esta década os empregados em padaria se constituíram em uma das categorias mais ativas na cidade, especialmente depois da Greve Geral de 1917. Ao lado desse prédio, se localiza a Travessa dos Venezianos, um conjunto de 17 bens tombados pelo Patrimônio Histórico e Cultural de Porto Alegre. A Travessa Venezianos está localizada próxima à periferia sul do bairro Cidade Baixa, entre as ruas Lopo Gonçalves e Joaquim Nabuco. Está é uma forma típica de moradia operária, através das chamadas “avenidas” que entravam pelas principais ruas da periferia da cidade e onde haviam diversas casinhas de porto e janela. ;Trajeto Cidade Baixa;LINESTRING (-51.2278262 -30.0366203, -51.2264314 -30.0348927, -51.225659 -30.034837, -51.2253124 -30.0345657, -51.2240496 -30.0333137, -51.2223759 -30.0347998, -51.2234274 -30.0368061, -51.2228266 -30.0373076, -51.2200419 -30.0393648, -51.2208095 -30.0389051, -51.2221037 -30.0396284, -51.2227836 -30.0401125, -51.2232332 -30.039876, -51.222848 -30.040224, -51.225144 -30.0415428, -51.2247792 -30.042323, -51.2246075 -30.0426016, -51.2227622 -30.04184, -51.222333 -30.0425087, -51.2210027 -30.0420444, -51.2198225 -30.0432331, -51.2197796 -30.0437347)
2;POINT (-51.2199566 -30.0437811);Praça Garibaldi;Ao lado dela ficava a Ilhota, que surgiu em 1904, como parte da retificação dos arroios de Porto Alegre. Foi uma área para onde vieram trabalhadores pobres, especialmente negros, tornando-se uma das principais regiões populares da Cidade Baixa. Foi uma zona com intensa vida associativa, com clubes carnavalescos, clubes de futebol que disputavam a Liga da Canela Preta, e também uma região em que esteve presente o movimento operário. ;Trajeto Cidade Baixa;LINESTRING (-51.2278262 -30.0366203, -51.2264314 -30.0348927, -51.225659 -30.034837, -51.2253124 -30.0345657, -51.2240496 -30.0333137, -51.2223759 -30.0347998, -51.2234274 -30.0368061, -51.2228266 -30.0373076, -51.2200419 -30.0393648, -51.2208095 -30.0389051, -51.2221037 -30.0396284, -51.2227836 -30.0401125, -51.2232332 -30.039876, -51.222848 -30.040224, -51.225144 -30.0415428, -51.2247792 -30.042323, -51.2246075 -30.0426016, -51.2227622 -30.04184, -51.222333 -30.0425087, -51.2210027 -30.0420444, -51.2198225 -30.0432331, -51.2197796 -30.0437347)
2;POINT (-51.2191627 -30.0448584);Ilhota;A Ilhota surgiu em 1904, como parte da retificação dos arroios de Porto Alegre ela estava próximo da Praça garibaldi, entre a Cidade Baixa e o Menino Deus. A Ilhota foi uma região para onde vieram trabalhadores pobres, especialmente negros, tornando-se uma das principais regiões populares da Cidade Baixa. Foi uma zona com intensa vida associativa, com clubes carnavalescos, clubes de futebol que disputavam a Liga da Canela Preta, e também uma região em que esteve presente o movimento operário.;Trajeto Cidade Baixa;LINESTRING (-51.2278262 -30.0366203, -51.2264314 -30.0348927, -51.225659 -30.034837, -51.2253124 -30.0345657, -51.2240496 -30.0333137, -51.2223759 -30.0347998, -51.2234274 -30.0368061, -51.2228266 -30.0373076, -51.2200419 -30.0393648, -51.2208095 -30.0389051, -51.2221037 -30.0396284, -51.2227836 -30.0401125, -51.2232332 -30.039876, -51.222848 -30.040224, -51.225144 -30.0415428, -51.2247792 -30.042323, -51.2246075 -30.0426016, -51.2227622 -30.04184, -51.222333 -30.0425087, -51.2210027 -30.0420444, -51.2198225 -30.0432331, -51.2197796 -30.0437347)
3;POINT (-51.2149207 -30.0382627);Campo da Várzea ou Redenção;O Parque farroupilha, antiga Várzea e Campo da Redenção, foi uma região muito importante para a classe trabalhadora de Porto Alegre. A área foi pedida pela Câmara Municipal ao Governador da Capitânia, Paulo Gama, em 1807, tendo se consolidado como área de pouso e descanso de carreteiros e tropeiros que vinham do interior. Além disso foi batizada de Redenção em homenagem à libertação dos escravizados de Porto Alegre pela Câmara Municipal em 1884. O transporte de mantimentos e uso do local como espaço de pouso durou até 1928, quando iniciou seu ajardinamento, completado no Centenário Farroupilha. ;Trajeto do Parque Farroupilha e Bonfim;LINESTRING (-51.2145478 -30.0384858, -51.2118656 -30.0367768, -51.2119085 -30.0354022, -51.2105781 -30.036331, -51.2099988 -30.0359595, -51.2086898 -30.0367397, -51.208368 -30.0367954, -51.2083465 -30.0354208, -51.2084109 -30.0347149, -51.2097627 -30.0346406, -51.2097198 -30.0330244, -51.2116939 -30.0330987, -51.2126166 -30.0330801, -51.212402 -30.0322813, -51.2123591 -30.031724, -51.2140972 -30.0312596, -51.2142688 -30.0320956, -51.214183 -30.0312039, -51.21723 -30.0305537, -51.2172144 -30.0301204, -51.2172515 -30.03269, -51.2172515 -30.032899, -51.2177503 -30.0327696)
3;POINT (-51.2144057 -30.0378726);Campo da Várzea ou Redenção;O campo da Várzea ou Redenção foi também local de agitação operária, como no enfrentamento entre operários anarquistas e forças policiais ocorrido durante a greve de 1817, na chamada Batalha da Várzea. Nesse último evento é necessário lembrar o papel de Espertirina Martins, que enfrentou as forças da ordem, como exemplo de participação feminina nos movimentos de resistência. ;Trajeto do Parque Farroupilha e Bonfim;LINESTRING (-51.2145478 -30.0384858, -51.2118656 -30.0367768, -51.2119085 -30.0354022, -51.2105781 -30.036331, -51.2099988 -30.0359595, -51.2086898 -30.0367397, -51.208368 -30.0367954, -51.2083465 -30.0354208, -51.2084109 -30.0347149, -51.2097627 -30.0346406, -51.2097198 -30.0330244, -51.2116939 -30.0330987, -51.2126166 -30.0330801, -51.212402 -30.0322813, -51.2123591 -30.031724, -51.2140972 -30.0312596, -51.2142688 -30.0320956, -51.214183 -30.0312039, -51.21723 -30.0305537, -51.2172144 -30.0301204, -51.2172515 -30.03269, -51.2172515 -30.032899, -51.2177503 -30.0327696)
3;POINT (-51.2120316 -30.0349913);Cine Baltimore;A maior parte das pessoas conhece ou lembra do Cine Baltimore, na Avenida Osvaldo Aranha, como um local importante para a juventude alternativa e para os intelectuais de esquerda. Mas nos anos 1930, o cinema foi um local importante para reuniões de algumas categorias de operários, como os alfaiates, assim como para promoção de festas da Federação Operária. Também foi local de confraternização do Círculo Social Israelita, que teve um papel importante na luta antifascista. Inclusive, memórias de líderes integralistas dão conta que o ataque da juventude judaica do bairro contra os fascistas iniciou com uma ação que partiu do Cine Baltimore.;Trajeto do Parque Farroupilha e Bonfim;LINESTRING (-51.2145478 -30.0384858, -51.2118656 -30.0367768, -51.2119085 -30.0354022, -51.2105781 -30.036331, -51.2099988 -30.0359595, -51.2086898 -30.0367397, -51.208368 -30.0367954, -51.2083465 -30.0354208, -51.2084109 -30.0347149, -51.2097627 -30.0346406, -51.2097198 -30.0330244, -51.2116939 -30.0330987, -51.2126166 -30.0330801, -51.212402 -30.0322813, -51.2123591 -30.031724, -51.2140972 -30.0312596, -51.2142688 -30.0320956, -51.214183 -30.0312039, -51.21723 -30.0305537, -51.2172144 -30.0301204, -51.2172515 -30.03269, -51.2172515 -30.032899, -51.2177503 -30.0327696)
3;POINT (-51.2101755 -30.0364698);Atheneu Operário;O Atheneu Operário foi um dos grandes projetos do movimento operário em Porto Alegre. A construção do prédio se iniciou em 1911, sendo projetado para ter salas destinadas à aulas, conferências, reuniões e bibliotecas. O desejo era que este se tornasse um ponto de referência para os trabalhadores na cidade. A primeira guerra atrasou a finalização e depois da Greve de 1917, surgiu (da parte dos socialistas) a proposta de acordo com a Intendência para sua finalização, o que foi duramente criticado pelos libertários. Depois da retomada de hegemonia dos anarquistas, a ideia acabou sendo abandonada.;Trajeto do Parque Farroupilha e Bonfim;LINESTRING (-51.2145478 -30.0384858, -51.2118656 -30.0367768, -51.2119085 -30.0354022, -51.2105781 -30.036331, -51.2099988 -30.0359595, -51.2086898 -30.0367397, -51.208368 -30.0367954, -51.2083465 -30.0354208, -51.2084109 -30.0347149, -51.2097627 -30.0346406, -51.2097198 -30.0330244, -51.2116939 -30.0330987, -51.2126166 -30.0330801, -51.212402 -30.0322813, -51.2123591 -30.031724, -51.2140972 -30.0312596, -51.2142688 -30.0320956, -51.214183 -30.0312039, -51.21723 -30.0305537, -51.2172144 -30.0301204, -51.2172515 -30.03269, -51.2172515 -30.032899, -51.2177503 -30.0327696)
3;POINT (-51.2085174 -30.0354222);Clube de Cultura;Apesar de estar fora do escopo do período, é importante falar do Clube de Cultura, pois ele foi um grupo importante formado pela esquerda judaica em Porto Alegre. Efetivamente, a partir de 1910, grupos de imigrantes judeus passaram a se estabelecer no Bonfim e muitos desses eram influenciados por correntes socialistas e comunistas. Muitos desses eram vendedores ambulantes e também artesãos, como alfaiates e ourives. A partir da década de 1950, o Clube de Cultura passa a ser o aglutinador desta esquerda judaica em Porto Alegre. Falaremos alguns nomes dessa esquerda ao longo do caminho.;Trajeto do Parque Farroupilha e Bonfim;LINESTRING (-51.2145478 -30.0384858, -51.2118656 -30.0367768, -51.2119085 -30.0354022, -51.2105781 -30.036331, -51.2099988 -30.0359595, -51.2086898 -30.0367397, -51.208368 -30.0367954, -51.2083465 -30.0354208, -51.2084109 -30.0347149, -51.2097627 -30.0346406, -51.2097198 -30.0330244, -51.2116939 -30.0330987, -51.2126166 -30.0330801, -51.212402 -30.0322813, -51.2123591 -30.031724, -51.2140972 -30.0312596, -51.2142688 -30.0320956, -51.214183 -30.0312039, -51.21723 -30.0305537, -51.2172144 -30.0301204, -51.2172515 -30.03269, -51.2172515 -30.032899, -51.2177503 -30.0327696)
3;POINT (-51.2118361 -30.0331708);Centro Israelita e Liga Cultural Judaica;A Sinagoga da Rua Henrique Dias é a Sinagoga do Centro Israelita, uma das entidades judaicas mais antigas da capital. Essa associação foi criada em 1917 e um primeiro prédio foi construído em 1924, sendo que nos anos 1950 ela sofreu uma série de reformas. O que importa destacar aqui é que o Centro Israelita foi o local em que funcionou uma das primeiras organizações judaicas de esquerda, que foi a Liga Cultural Judaica, fundada sob influência de comunistas. Um grande nome desta Liga foi Henrique Scliar, tio de Carlos Scliar, que se vincula posteriormente à fundação do Clube de Cultura.;Trajeto do Parque Farroupilha e Bonfim;LINESTRING (-51.2145478 -30.0384858, -51.2118656 -30.0367768, -51.2119085 -30.0354022, -51.2105781 -30.036331, -51.2099988 -30.0359595, -51.2086898 -30.0367397, -51.208368 -30.0367954, -51.2083465 -30.0354208, -51.2084109 -30.0347149, -51.2097627 -30.0346406, -51.2097198 -30.0330244, -51.2116939 -30.0330987, -51.2126166 -30.0330801, -51.212402 -30.0322813, -51.2123591 -30.031724, -51.2140972 -30.0312596, -51.2142688 -30.0320956, -51.214183 -30.0312039, -51.21723 -30.0305537, -51.2172144 -30.0301204, -51.2172515 -30.03269, -51.2172515 -30.032899, -51.2177503 -30.0327696)
3;POINT (-51.212608 -30.0323177);Sociedade Elena di Montenegro;Sociedade beneficente italiana do arrabalde do Bonfim, seu edifício foi construído em 1908. A agremiação estava voltada especialmente para a educação, mas sediava atividades do movimento operário, como as homenagens à Ferrer em 1909 e o 1° de maio de 1911. O local recebia também os espetáculos do teatro social, dos socialistas do Grêmio Dramático Operário Xavier da Costa (em janeiro de 1910) e dos libertários do Grêmio Dramático de Cultura Social (em abril de 1910). Durante a greve de 1917, sediou reunião do Syndicato de Resistência dos Alfaiates. Em março de 1918, recebeu uma assembleia da Liga de Defesa Popular e logo após, em julho daquele ano, recebeu uma assembleia da União Geral dos Trabalhadores que preparou terreno para a deflagração da greve daquele ano. Era um local de reunião dos alfaiates de origem judaica no final da década de 1920.;Trajeto do Parque Farroupilha e Bonfim;LINESTRING (-51.2145478 -30.0384858, -51.2118656 -30.0367768, -51.2119085 -30.0354022, -51.2105781 -30.036331, -51.2099988 -30.0359595, -51.2086898 -30.0367397, -51.208368 -30.0367954, -51.2083465 -30.0354208, -51.2084109 -30.0347149, -51.2097627 -30.0346406, -51.2097198 -30.0330244, -51.2116939 -30.0330987, -51.2126166 -30.0330801, -51.212402 -30.0322813, -51.2123591 -30.031724, -51.2140972 -30.0312596, -51.2142688 -30.0320956, -51.214183 -30.0312039, -51.21723 -30.0305537, -51.2172144 -30.0301204, -51.2172515 -30.03269, -51.2172515 -30.032899, -51.2177503 -30.0327696)
3;POINT (-51.2142227 -30.0322155);Federação Operária do Rio Grande do Sul;Em fevereiro de 1911, a Federação Operária mudou-se para a Rua Santo Antônio, um de seus endereços mais longevos. A utilização desta sede no arrabalde do Bonfim coincide com a tomada de hegemonia anarquista no movimento operário da capital e o movimento de concentração de diversas associações em um só local. Em 1917, vai ser na sede da FORGS, em julho, que vai ser formada a liga de Defesa Popular, que foi o órgão responsável pela gestão da greve. Neste local, durante a paralisação, vai ser fundado o Syndicato de Resistência dos Alfaiates. Depois da greve aí vai ser fundado o Syndicato Caixeiral do Commércio de Varejo de Seccos e Molhados, também se reunindo o Syndicato dos Pintores durante a greve da categoria no final de agosto. A Federação somente mudaria de local no ano seguinte, mudando-se para a Avenida Bonfim em 1918.;Trajeto do Parque Farroupilha e Bonfim;LINESTRING (-51.2145478 -30.0384858, -51.2118656 -30.0367768, -51.2119085 -30.0354022, -51.2105781 -30.036331, -51.2099988 -30.0359595, -51.2086898 -30.0367397, -51.208368 -30.0367954, -51.2083465 -30.0354208, -51.2084109 -30.0347149, -51.2097627 -30.0346406, -51.2097198 -30.0330244, -51.2116939 -30.0330987, -51.2126166 -30.0330801, -51.212402 -30.0322813, -51.2123591 -30.031724, -51.2140972 -30.0312596, -51.2142688 -30.0320956, -51.214183 -30.0312039, -51.21723 -30.0305537, -51.2172144 -30.0301204, -51.2172515 -30.03269, -51.2172515 -30.032899, -51.2177503 -30.0327696)
3;POINT (-51.2172144 -30.0301204);Centro de Alfabetização Popular;O Centro de Alfabetização Popular foi fundado pelo Professor Narciso Berlese no Colégio Berlese, em outubro de 1933. O criador do projeto havia sido um militante anarquista nos primeiros anos do século XX e posteriormente tornou-se professor, escrevendo sobre a importância da educação dos mais jovens. No começo dos anos 1930, depois do movimento revolucionário do começo da década, surgem diversos projetos de alfabetização popular. O CAP tinha como objetivo difundir a educação entre a população, especialmente os trabalhadores adultos, tendo fundado centros de alfabetização gratuitos em diversas partes da cidade e em fábricas de São João e Navegantes.;Trajeto do Parque Farroupilha e Bonfim;LINESTRING (-51.2145478 -30.0384858, -51.2118656 -30.0367768, -51.2119085 -30.0354022, -51.2105781 -30.036331, -51.2099988 -30.0359595, -51.2086898 -30.0367397, -51.208368 -30.0367954, -51.2083465 -30.0354208, -51.2084109 -30.0347149, -51.2097627 -30.0346406, -51.2097198 -30.0330244, -51.2116939 -30.0330987, -51.2126166 -30.0330801, -51.212402 -30.0322813, -51.2123591 -30.031724, -51.2140972 -30.0312596, -51.2142688 -30.0320956, -51.214183 -30.0312039, -51.21723 -30.0305537, -51.2172144 -30.0301204, -51.2172515 -30.03269, -51.2172515 -30.032899, -51.2177503 -30.0327696)
3;POINT (-51.2172171 -30.03253);União dos Pedreiros e Federação Operária do Rio Grande do Sul;O Salão Santa Catharina (pertencente á essa família, ao lado do açougue Santa Catharina), foi local de reunião de diversas entidades operárias a partir de 1907 e era indicado como sede da Federação Operária em abril de 1910, permanecendo como tal até fevereiro de 1911. Recebia ainda reuniões de outras entidades, como o Grêmio Dramático Operário Xavier da Costa em fevereiro de 1910 e mesmo depois da mudança, continuou recebendo reuniões da União dos Alfaiates em maio e da Liga Beneficente de Pintores em junho deste ano. Durante o ano de 1911, tornou-se sede da Confederação Geral do Trabalho, uma tentativa dos socialistas de criar uma alternativa à FORGS. Em agosto de 1912, ainda sediava reuniões da União dos Correeiros e Classes Anexas.;Trajeto do Parque Farroupilha e Bonfim;LINESTRING (-51.2145478 -30.0384858, -51.2118656 -30.0367768, -51.2119085 -30.0354022, -51.2105781 -30.036331, -51.2099988 -30.0359595, -51.2086898 -30.0367397, -51.208368 -30.0367954, -51.2083465 -30.0354208, -51.2084109 -30.0347149, -51.2097627 -30.0346406, -51.2097198 -30.0330244, -51.2116939 -30.0330987, -51.2126166 -30.0330801, -51.212402 -30.0322813, -51.2123591 -30.031724, -51.2140972 -30.0312596, -51.2142688 -30.0320956, -51.214183 -30.0312039, -51.21723 -30.0305537, -51.2172144 -30.0301204, -51.2172515 -30.03269, -51.2172515 -30.032899, -51.2177503 -30.0327696)
3;POINT (-51.2177503 -30.0327696);Igreja do Bonfim;A Capela de Nosso Senhor do Bonfim foi construída entre os anos de 1865 e 1883, na região conhecida como Várzea, em frente ao Caminho do Meio, que levava até Viamão. Durante o período da construção são registradas manifestações religiosas da comunidade negra, envolvendo escravizados e livres, em frente à essa Igreja, que eram os Batuques da Várzea. Durante as primeiras décadas do século XX, é registrada também a participação da Sociedade Floresta Aurora em eventos promovidos pela Igreja do Bonfim, o que mostra que era um local importante para a comunidade negra. A Sociedade Floresta Aurora foi um dos principais clubes sociais negros de Porto Alegre, tendo sido fundada como sociedade beneficente em 1872.;Trajeto do Parque Farroupilha e Bonfim;LINESTRING (-51.2145478 -30.0384858, -51.2118656 -30.0367768, -51.2119085 -30.0354022, -51.2105781 -30.036331, -51.2099988 -30.0359595, -51.2086898 -30.0367397, -51.208368 -30.0367954, -51.2083465 -30.0354208, -51.2084109 -30.0347149, -51.2097627 -30.0346406, -51.2097198 -30.0330244, -51.2116939 -30.0330987, -51.2126166 -30.0330801, -51.212402 -30.0322813, -51.2123591 -30.031724, -51.2140972 -30.0312596, -51.2142688 -30.0320956, -51.214183 -30.0312039, -51.21723 -30.0305537, -51.2172144 -30.0301204, -51.2172515 -30.03269, -51.2172515 -30.032899, -51.2177503 -30.0327696)
4;POINT (-51.2122146 -30.0254971);Cervejaria Bopp; Continental e Brahma,A cervejaria Bopp foi uma das primeiras fábricas da região da Floresta, instalando-se em 1888, sendo que próximo já existia a cervejaria Becker, fundada em 1878 e antes a Cervejaria Christofel, criada em 1864. As cervejarias foram fundamentais para o crescimento do Arrabalde da Floresta. A fábrica cresceu e se tornou uma das maiores da região com a construção do prédio em 190-1911, projetado por Theo Widerspahn. Em 1924, a Bopp se funde com outras cervejarias e surge a Continental, sendo que em 1946 ela seria adquirida pela Brahma, que funcionou até os anos 1990. Em 2003 se tornaria o Shopping Total. ;Trajeto Floresta e São Geraldo;LINESTRING (-51.2122146 -30.0254971, -51.2134779 -30.0242966, -51.2124429 -30.0234092, -51.2116218 -30.0228334, -51.211748 -30.0226824, -51.2108121 -30.0218114, -51.2102297 -30.020976, -51.2098833 -30.021274, -51.2102297 -30.020976, -51.209353 -30.0195076, -51.2086141 -30.0184068, -51.2077651 -30.0196191, -51.2066923 -30.0186158, -51.2060914 -30.0191314, -51.205319 -30.0183928, -51.2045091 -30.0183039, -51.2050832 -30.0157103, -51.2055765 -30.0134274, -51.2073628 -30.0131068, -51.2068934 -30.0114764, -51.2057428 -30.0085638)
4;POINT (-51.2136844 -30.0244011);Casa de Theo Wiederspahn e Handwerk Verband (Associação dos Artesãos);Foi um dos mais importantes arquitetos do começo do século XX, o alemão Theo Wiederspahn foi um dos fundadores da Handwerk Verband, a Associação dos Artesãos de língua alemã do Rio Grande do Sul, em julho de 1930. A secretaria da associação, assim como seu jornal, estava localizada nesta casa. A Handwerk Verband teve um rápido crescimento e se tornou muito importante, mostrando a persistência de uma identidade do artesanato mesmo no final da Primeira República.;Trajeto Floresta e São Geraldo;LINESTRING (-51.2122146 -30.0254971, -51.2134779 -30.0242966, -51.2124429 -30.0234092, -51.2116218 -30.0228334, -51.211748 -30.0226824, -51.2108121 -30.0218114, -51.2102297 -30.020976, -51.2098833 -30.021274, -51.2102297 -30.020976, -51.209353 -30.0195076, -51.2086141 -30.0184068, -51.2077651 -30.0196191, -51.2066923 -30.0186158, -51.2060914 -30.0191314, -51.205319 -30.0183928, -51.2045091 -30.0183039, -51.2050832 -30.0157103, -51.2055765 -30.0134274, -51.2073628 -30.0131068, -51.2068934 -30.0114764, -51.2057428 -30.0085638)
4;POINT (-51.2116647 -30.0228938);Liga Operária Internacional;Nessa área do Arrabalde concentraram-se um grande número de associações na virada do século XIX e XX, como a Liga Operária Internacional, a União Operária Internacional e a Federação Operária do Rio Grande do Sul. Onde hoje se localiza a esquina com a Rua São Carlos, entre 1894 e 1907, vão se localizar diversas associações operárias, entre elas a Liga Operária Internacional e a Federação Operária do Rio Grande do Sul. A região foi o centro da Greve de 1906, a primeira Greve Geral da cidade. Antes disso, no século XIX, o lugar se chamava Beco da Marcela, por conta de uma mulher negra que era proprietária de uma chácara, mostrando a importância dessa presença antes da região se tornar um bairro industrial. ;Trajeto Floresta e São Geraldo;LINESTRING (-51.2122146 -30.0254971, -51.2134779 -30.0242966, -51.2124429 -30.0234092, -51.2116218 -30.0228334, -51.211748 -30.0226824, -51.2108121 -30.0218114, -51.2102297 -30.020976, -51.2098833 -30.021274, -51.2102297 -30.020976, -51.209353 -30.0195076, -51.2086141 -30.0184068, -51.2077651 -30.0196191, -51.2066923 -30.0186158, -51.2060914 -30.0191314, -51.205319 -30.0183928, -51.2045091 -30.0183039, -51.2050832 -30.0157103, -51.2055765 -30.0134274, -51.2073628 -30.0131068, -51.2068934 -30.0114764, -51.2057428 -30.0085638)
4;POINT (-51.2099799 -30.0211625);Bürgerklub e Allgemeiner Arbeiter Verein (Associação Geral dos Trabalhadores);O clube foi fundado no final do século XIX como uma sociedade beneficente voltada para a comunidade alemã, mas se tornou um ponto de reunião importante para os moradores do Arrabalde da Floresta, tendo sediado a Allgemeiner Arbeiter Verein (Associação Geral dos Trabalhadores) desde 1912. O prédio permanece de pé, pouco preservado e praticamente anônimo e sem identificação, a não ser por duas mãos que se cumprimentam em seu frontão, um indício quase imperceptível de sua função original. Na mesma Rua Comendador Azevedo também se localiza outra sede da Allgemeiner, também em um endereço sem nenhuma identificação que remeta à sua história. Aqui também foi lançada a UGT dos anarquistas, em 1918, como ponto importante de sua retomada no movimento operário. Neste local também é necessário destacar as contradições políticas existentes naquele espaço da cidade, pois, no final dos anos 1910, ao lado do Burguerclub que reunia os socialdemocratas, existia a Sociedade Tadeus Kosciusko, dos nacionalistas poloneses, e a sede da FORGS, hegemonizada pelos anarquistas.;Trajeto Floresta e São Geraldo;LINESTRING (-51.2122146 -30.0254971, -51.2134779 -30.0242966, -51.2124429 -30.0234092, -51.2116218 -30.0228334, -51.211748 -30.0226824, -51.2108121 -30.0218114, -51.2102297 -30.020976, -51.2098833 -30.021274, -51.2102297 -30.020976, -51.209353 -30.0195076, -51.2086141 -30.0184068, -51.2077651 -30.0196191, -51.2066923 -30.0186158, -51.2060914 -30.0191314, -51.205319 -30.0183928, -51.2045091 -30.0183039, -51.2050832 -30.0157103, -51.2055765 -30.0134274, -51.2073628 -30.0131068, -51.2068934 -30.0114764, -51.2057428 -30.0085638)
4;POINT (-51.2094779 -30.0199218);Conjunto Habitacional Operário (Vila Flores);O Conjunto Residencial Vila Flores, na Rua São Carlos, foi o sétimo ponto do trajeto. Trata-se de um prédio, construído em 1928 e projetado pelo arquiteto alemão Franz Seraph Lutzenberger, que serviu de moradia para famílias operárias da região. O prédio teve como modelo arquitetônico os conjuntos residenciais da Alemanha, e nos mostra uma forma específica de moradia popular na qual se incorporavam preocupações com a qualidade de vida dos trabalhadores e trabalhadoras. Atualmente, é um espaço onde artistas, designers, artesãos e outros profissionais da indústria criativa possuem ateliês e oficinas, o que estimulou uma discussão sobre as mudanças ocorridas no bairro Floresta nos últimos anos.;Trajeto Floresta e São Geraldo;LINESTRING (-51.2122146 -30.0254971, -51.2134779 -30.0242966, -51.2124429 -30.0234092, -51.2116218 -30.0228334, -51.211748 -30.0226824, -51.2108121 -30.0218114, -51.2102297 -30.020976, -51.2098833 -30.021274, -51.2102297 -30.020976, -51.209353 -30.0195076, -51.2086141 -30.0184068, -51.2077651 -30.0196191, -51.2066923 -30.0186158, -51.2060914 -30.0191314, -51.205319 -30.0183928, -51.2045091 -30.0183039, -51.2050832 -30.0157103, -51.2055765 -30.0134274, -51.2073628 -30.0131068, -51.2068934 -30.0114764, -51.2057428 -30.0085638)
4;POINT (-51.20789 -30.0191259);Moinho Germani;No Moinho Germani, na Rua Sete de Abril, é possível observar o imponente edifício, construído em 1941, no qual trabalharam um grande número de operários e operárias. Este moinho, de propriedade de Aristides Germani, tinha sua matriz na cidade de Caxias de Sul. Assim como aconteceu com outras empresas (como a Fábrica Renner e o Moinho Riograndense) esta indústria do sediada no interior do Rio Grande do Sul instalou uma nova fábrica em Porto Alegre, ficando assim mais próximo de um grande centro consumidor.;Trajeto Floresta e São Geraldo;LINESTRING (-51.2122146 -30.0254971, -51.2134779 -30.0242966, -51.2124429 -30.0234092, -51.2116218 -30.0228334, -51.211748 -30.0226824, -51.2108121 -30.0218114, -51.2102297 -30.020976, -51.2098833 -30.021274, -51.2102297 -30.020976, -51.209353 -30.0195076, -51.2086141 -30.0184068, -51.2077651 -30.0196191, -51.2066923 -30.0186158, -51.2060914 -30.0191314, -51.205319 -30.0183928, -51.2045091 -30.0183039, -51.2050832 -30.0157103, -51.2055765 -30.0134274, -51.2073628 -30.0131068, -51.2068934 -30.0114764, -51.2057428 -30.0085638)
4;POINT (-51.2046218 -30.0185036);Círculo Operário da Floresta;;Trajeto Floresta e São Geraldo;LINESTRING (-51.2122146 -30.0254971, -51.2134779 -30.0242966, -51.2124429 -30.0234092, -51.2116218 -30.0228334, -51.211748 -30.0226824, -51.2108121 -30.0218114, -51.2102297 -30.020976, -51.2098833 -30.021274, -51.2102297 -30.020976, -51.209353 -30.0195076, -51.2086141 -30.0184068, -51.2077651 -30.0196191, -51.2066923 -30.0186158, -51.2060914 -30.0191314, -51.205319 -30.0183928, -51.2045091 -30.0183039, -51.2050832 -30.0157103, -51.2055765 -30.0134274, -51.2073628 -30.0131068, -51.2068934 -30.0114764, -51.2057428 -30.0085638)
4;POINT (-51.2049866 -30.0157057);Berbearia de Abílio de Nequete e União Maximalista de Porto Alegre;O quinto ponto do trajeto foi a casa e barbearia de Abílio de Nequete, localizada na Rua Conde de Porto Alegre, esquina com a Travessa Azevedo. Como afirmei anteriormente, trata-se de um lugar de ausência, já que no endereço correspondente existe somente um terreno baldio. Mesmo assim, foi uma oportunidade para falar do impacto da Revolução Russa no Rio Grande do Sul e falar sobre a vida de Abílio de Nequete, um dos primeiros líderes comunista de Porto Alegre, que se aproximou do bolchevismo mediado por suas influências culturais e religiosas, vindo a ser fundador do PCB. ;Trajeto Floresta e São Geraldo;LINESTRING (-51.2122146 -30.0254971, -51.2134779 -30.0242966, -51.2124429 -30.0234092, -51.2116218 -30.0228334, -51.211748 -30.0226824, -51.2108121 -30.0218114, -51.2102297 -30.020976, -51.2098833 -30.021274, -51.2102297 -30.020976, -51.209353 -30.0195076, -51.2086141 -30.0184068, -51.2077651 -30.0196191, -51.2066923 -30.0186158, -51.2060914 -30.0191314, -51.205319 -30.0183928, -51.2045091 -30.0183039, -51.2050832 -30.0157103, -51.2055765 -30.0134274, -51.2073628 -30.0131068, -51.2068934 -30.0114764, -51.2057428 -30.0085638)
4;POINT (-51.2061056 -30.0133051);Federação Operária do Rio Grande do Sul;O segundo ponto do 4º Distrito está na Rua do Parque, próximo da Rua Conde de Porto Alegre, onde pode ser observado um prédio em estado precário que foi sede da Federação Operária do Rio Grande do Sul (FORGS) entre 1924 e 1927. O local foi palco do Terceiro Congresso Operário Regional realizado em 1925, e abrigou reuniões de diversas categorias profissionais. Falamos da necessidade de preservação e de resgate da memória desse lugar, assim como da importância da Rua do Parque para a história do movimento operário, pois nos anos 1920, além dos libertários, também os comunistas se reuniam a apenas a uma quadra de distância, no Restaurante Hoffmann (hoje demolido). Naquele momento particularmente repressivo, a região se configurou como um dos refúgios do sindicalismo de resistência em Porto Alegre.;Trajeto Floresta e São Geraldo;LINESTRING (-51.2122146 -30.0254971, -51.2134779 -30.0242966, -51.2124429 -30.0234092, -51.2116218 -30.0228334, -51.211748 -30.0226824, -51.2108121 -30.0218114, -51.2102297 -30.020976, -51.2098833 -30.021274, -51.2102297 -30.020976, -51.209353 -30.0195076, -51.2086141 -30.0184068, -51.2077651 -30.0196191, -51.2066923 -30.0186158, -51.2060914 -30.0191314, -51.205319 -30.0183928, -51.2045091 -30.0183039, -51.2050832 -30.0157103, -51.2055765 -30.0134274, -51.2073628 -30.0131068, -51.2068934 -30.0114764, -51.2057428 -30.0085638)
4;POINT (-51.2064034 -30.0133934);Casa Genta;A fábrica de vidros do uruguaio Antônio Genta se estabeleceu na Rua do Parque no final da década de 1910;Trajeto Floresta e São Geraldo;LINESTRING (-51.2122146 -30.0254971, -51.2134779 -30.0242966, -51.2124429 -30.0234092, -51.2116218 -30.0228334, -51.211748 -30.0226824, -51.2108121 -30.0218114, -51.2102297 -30.020976, -51.2098833 -30.021274, -51.2102297 -30.020976, -51.209353 -30.0195076, -51.2086141 -30.0184068, -51.2077651 -30.0196191, -51.2066923 -30.0186158, -51.2060914 -30.0191314, -51.205319 -30.0183928, -51.2045091 -30.0183039, -51.2050832 -30.0157103, -51.2055765 -30.0134274, -51.2073628 -30.0131068, -51.2068934 -30.0114764, -51.2057428 -30.0085638)
4;POINT (-51.206213 -30.0085364);Fiação e Tecido Porto Alegrense (Fiateci);A Fiação e Tecido Porto Alegrense (Fiateci) é uma das fábricas mais antigas de Porto Alegre, tendo sido fundada em 1891 e sendo um espaço de trabalho onde se destacava uma forte presença de mão de obra feminina. Foi o palco de uma das primeiras greves fabris de Porto Alegre, que foi deflagrada em julho de 1895, quando sete operárias e um operário pediram aumento de salário e isso provocou a paralisação de toda a fábrica. Além disso, durante o século XX, as operárias tecelãs formaram a base dos primeiros grupos sindicais femininos no bairro. ;Trajeto Floresta e São Geraldo;LINESTRING (-51.2122146 -30.0254971, -51.2134779 -30.0242966, -51.2124429 -30.0234092, -51.2116218 -30.0228334, -51.211748 -30.0226824, -51.2108121 -30.0218114, -51.2102297 -30.020976, -51.2098833 -30.021274, -51.2102297 -30.020976, -51.209353 -30.0195076, -51.2086141 -30.0184068, -51.2077651 -30.0196191, -51.2066923 -30.0186158, -51.2060914 -30.0191314, -51.205319 -30.0183928, -51.2045091 -30.0183039, -51.2050832 -30.0157103, -51.2055765 -30.0134274, -51.2073628 -30.0131068, -51.2068934 -30.0114764, -51.2057428 -30.0085638)
4;POINT (-51.2053869 -30.0086061);Vila Operária da Fiateci;Na parte de trás da Fiação e Tecido Porto Alegrense, existe um grupo de casas em fita que era parte da Vila Operária da Fiateci, construída pela empresa em 1919, e que era habitada por operários e operárias da fábrica. É uma das únicas vilas operárias construída por uma empresa durante este período que se conserva em Porto Alegre.;Trajeto Floresta e São Geraldo;LINESTRING (-51.2122146 -30.0254971, -51.2134779 -30.0242966, -51.2124429 -30.0234092, -51.2116218 -30.0228334, -51.211748 -30.0226824, -51.2108121 -30.0218114, -51.2102297 -30.020976, -51.2098833 -30.021274, -51.2102297 -30.020976, -51.209353 -30.0195076, -51.2086141 -30.0184068, -51.2077651 -30.0196191, -51.2066923 -30.0186158, -51.2060914 -30.0191314, -51.205319 -30.0183928, -51.2045091 -30.0183039, -51.2050832 -30.0157103, -51.2055765 -30.0134274, -51.2073628 -30.0131068, -51.2068934 -30.0114764, -51.2057428 -30.0085638)
5;POINT (-51.1938389 -30.058189);Esporte Clube São Pedro (Partenon Tênis Clube);Um dos principais vetores de crescimento populacional do Arrabalde do Partenon foi a implantação do Hospital Psiquiátrico São Pedro no ano de 1884, o que levou uma maior infraestrutura para o local e também a presença de trabalhadores e trabalhadoras que atuavam no Hospital. Em 1934, os funcionários da Instituição fundaram o Esporte Clube São Pedro, que tinha sua sede na Rua Barão do Amazonas e seu campo de jogo ficava no pátio do Hospital, em frente à estação de bondes. A associação tinha o objetivo de congregar os funcionários através da prática do esporte a partir do ano de 1952, a associação passou a se chamar Partenon Tênis Clube, situando-se na Avenida Bento Gonçalves e tornando-se um dos principais clubes sociais do bairro.;Trajeto Partenon e Santo Antônio;LINESTRING (-51.1895152 -30.0612533, -51.1939488 -30.0584745, -51.1966012 -30.0568842, -51.1968882 -30.0571148, -51.1963169 -30.0575017, -51.1973093 -30.05928, -51.1977385 -30.05941, -51.1996053 -30.0588342, -51.2019442 -30.0583514, -51.201043 -30.0548784, -51.200764 -30.054024, -51.1990689 -30.0524082, -51.2003349 -30.050458, -51.2009464 -30.049585, -51.1999569 -30.049079, -51.2056929 -30.0519719)
5;POINT (-51.1969472 -30.0571798);Curtume Ferreira da Costa e Fábrica de Papel de Luiz Moschetti;O Curtume Ferreira da Costa era um edifício industrial particularmente importante na região do Partenon nos primeiros anos do século XX;Trajeto Partenon e Santo Antônio;LINESTRING (-51.1895152 -30.0612533, -51.1939488 -30.0584745, -51.1966012 -30.0568842, -51.1968882 -30.0571148, -51.1963169 -30.0575017, -51.1973093 -30.05928, -51.1977385 -30.05941, -51.1996053 -30.0588342, -51.2019442 -30.0583514, -51.201043 -30.0548784, -51.200764 -30.054024, -51.1990689 -30.0524082, -51.2003349 -30.050458, -51.2009464 -30.049585, -51.1999569 -30.049079, -51.2056929 -30.0519719)
5;POINT (-51.1967862 -30.0572216);Cooperativa de Calçados;Em 1907, surgiu a primeira associação operária do Arrabalde do Partenon, que foi a Cooperativa de Calçados, que tinham como dirigentes Manoel Otero, Alcides Horonal e Antonio Wandick. Os sapateiros já se organizavam desde o início do século XX, com a Associação dos Sapateiros, mas era a primeira vez que formavam uma cooperativa. A Cooperativa pode ser relacionada com a própria paisagem industrial da região, já que estava sediada em uma pequena casa ao lado do Curtume de Ferreira Costa e próximo da Fábrica de Sapatos de Calixto Grandi e da Fábrica de Cola de João Zefferini. ;Trajeto Partenon e Santo Antônio;LINESTRING (-51.1895152 -30.0612533, -51.1939488 -30.0584745, -51.1966012 -30.0568842, -51.1968882 -30.0571148, -51.1963169 -30.0575017, -51.1973093 -30.05928, -51.1977385 -30.05941, -51.1996053 -30.0588342, -51.2019442 -30.0583514, -51.201043 -30.0548784, -51.200764 -30.054024, -51.1990689 -30.0524082, -51.2003349 -30.050458, -51.2009464 -30.049585, -51.1999569 -30.049079, -51.2056929 -30.0519719)
5;POINT (-51.1975716 -30.0595816);Pedreira dos Ribas;A Praça Josué Ribas Martins foi parte de uma pedreira onde moravam e trabalhavam Jesus Ribas Soeiro e Dorvalina Ribas, um casal de líderes anarquistas e militantes sindicais que se radicaram no Partenon. Esta pedreira acabou atraindo outros trabalhadores espanhóis e brasileiros, que acabaram transformando esse espaço em um lugar de trabalho em comum.;Trajeto Partenon e Santo Antônio;LINESTRING (-51.1895152 -30.0612533, -51.1939488 -30.0584745, -51.1966012 -30.0568842, -51.1968882 -30.0571148, -51.1963169 -30.0575017, -51.1973093 -30.05928, -51.1977385 -30.05941, -51.1996053 -30.0588342, -51.2019442 -30.0583514, -51.201043 -30.0548784, -51.200764 -30.054024, -51.1990689 -30.0524082, -51.2003349 -30.050458, -51.2009464 -30.049585, -51.1999569 -30.049079, -51.2056929 -30.0519719)
5;POINT (-51.197813 -30.0596838);Casa da Família Ribas;Durante a década de 1920, na medida em que se intensificava a repressão contra os anarquistas, algumas lideranças acabaram procurando sair da região central de Porto Alegre e procuraram outros espaços de militância. Neste caso, Jesus Ribas Soeiro e Dorvalina Ribas abriram uma pedreira no Arrabalde do Parthenon, onde hoje se localiza a Praça Josué Ribas Martins e terrenos adjacentes. Sua casa se localizava na atual Rua paulino Chaves, mais ou menos na altura do número 611. A pedreira dos Ribas era um ponto de encontro de militantes anarquistas brasileiros e espanhóis, tendo funcionado em ali o último endereço do jornal libertário A Luta. ;Trajeto Partenon e Santo Antônio;LINESTRING (-51.1895152 -30.0612533, -51.1939488 -30.0584745, -51.1966012 -30.0568842, -51.1968882 -30.0571148, -51.1963169 -30.0575017, -51.1973093 -30.05928, -51.1977385 -30.05941, -51.1996053 -30.0588342, -51.2019442 -30.0583514, -51.201043 -30.0548784, -51.200764 -30.054024, -51.1990689 -30.0524082, -51.2003349 -30.050458, -51.2009464 -30.049585, -51.1999569 -30.049079, -51.2056929 -30.0519719)
5;POINT (-51.1977218 -30.0602966);Instituto de Assistência e Proteção à Infância;Nos anos 1930, os anrquistas Jesus Ribas e Dorvalina Martins atuaram para trazer para o Partenon o Instituto de Assistência e Proteção à Infância (IAPI), uma entidade beneficente que até hoje funciona na Rua Antônio Ribeiro, n.350. ;Trajeto Partenon e Santo Antônio;LINESTRING (-51.1895152 -30.0612533, -51.1939488 -30.0584745, -51.1966012 -30.0568842, -51.1968882 -30.0571148, -51.1963169 -30.0575017, -51.1973093 -30.05928, -51.1977385 -30.05941, -51.1996053 -30.0588342, -51.2019442 -30.0583514, -51.201043 -30.0548784, -51.200764 -30.054024, -51.1990689 -30.0524082, -51.2003349 -30.050458, -51.2009464 -30.049585, -51.1999569 -30.049079, -51.2056929 -30.0519719)
5;POINT (-51.2014925 -30.0580421);Círculo Operário do Parthenon;A partir de 1934, funcionou no Colégio e na Igreja de Santo Antônio um Círculo Operário, que depois ganhou sede própria. Apesar do objetivo de impedir a radicalização dos operários, a igreja teve um importante papel na organização da vida comunitária do bairro pelas próximas décadas. No final dos anos 1940, se organizaram missões na Vila dos Marítimos e na Vila Santa Luzia (comunidades que haviam surgido em 1943), por conta da pouca frequência à igreja, mas também das condições de vida dos que viviam nas Vilas. Entre os moradores também havia um processo de organização, pois estes haviam fundado nos anos 1940 a Sociedade de Reivindicações dos Marginais da Vila Santa Luzia. As reivindicações iam no sentido de pedir a instalação de estruturas básicas na região e também pedir a fundação de uma escola para as crianças da comunidade em relação a esta última, tanto a Igreja, quanto a associação dos moradores, mantiveram projetos educacionais na região nos anos 1950 e 1960. Nos anos 1970, as Vilas foram removidas, repetindo o processo de expulsão das moradias populares que se repetira em outras regiões da cidade.;Trajeto Partenon e Santo Antônio;LINESTRING (-51.1895152 -30.0612533, -51.1939488 -30.0584745, -51.1966012 -30.0568842, -51.1968882 -30.0571148, -51.1963169 -30.0575017, -51.1973093 -30.05928, -51.1977385 -30.05941, -51.1996053 -30.0588342, -51.2019442 -30.0583514, -51.201043 -30.0548784, -51.200764 -30.054024, -51.1990689 -30.0524082, -51.2003349 -30.050458, -51.2009464 -30.049585, -51.1999569 -30.049079, -51.2056929 -30.0519719)
5;POINT (-51.2008917 -30.0547919);Aliança Nacional Libertadora - Núcleo dos Metalúrgicos;Na subida do Morro de Santo Antônio foi criado, em julho de 1935, o Núcleo Metalúrgico da Aliança Nacional Libertadora. A ANL foi o maior grupo antifascista dos anos 1930, seu lançamento no Rio Grande do Sul ocorreu em 5 de julho de 1935, ocorrendo na sequência a fundação de uma série de núcleos de bairro e de diferentes categorias profissionais  no Arrabalde do Partenon foi instalado um núcleo voltado para a categoria dos metalúrgicos. Isso se justifica porque no final dos anos 1920, nesta região se instalou a Companhia Geral de Indústrias, de Hugo Gerdau, que vai dar origem mais tarde à Companhia Geral de Fogões, que foi a maior fábrica do Parthenon, mas que fechou suas portas no final do século XX e foi demolida no começo dos anos 2000.;Trajeto Partenon e Santo Antônio;LINESTRING (-51.1895152 -30.0612533, -51.1939488 -30.0584745, -51.1966012 -30.0568842, -51.1968882 -30.0571148, -51.1963169 -30.0575017, -51.1973093 -30.05928, -51.1977385 -30.05941, -51.1996053 -30.0588342, -51.2019442 -30.0583514, -51.201043 -30.0548784, -51.200764 -30.054024, -51.1990689 -30.0524082, -51.2003349 -30.050458, -51.2009464 -30.049585, -51.1999569 -30.049079, -51.2056929 -30.0519719)
5;POINT (-51.200999 -30.0541837);Centro Parthenoense;O Recreio Parthenon é uma das casas mais antigas deste Arrabalde. Ela surgiu como um espaço de sociabilidade, como um clube social e sociedade bailante, durante a década de 1880. Foi um local de diversão para a população da região, que era majoritariamente formada de trabalhadores manuais. Foi local onde se faziam festas carnavalescas e outras comemorações, sendo um dos primeiros locais de sociabilidade dos trabalhadores do bairro. Ao lado do Recreio estava a Chácara de José Fernandes dos Santos, cuja sede se localizava onde hoje está o Arquivo Municipal ela era dotada de uma Olaria, capaz de fazer oito mil tijolos no verão e seis mil no inverno por dia. As casas atuais são do final do século XIX, mas antes disso existia uma sede de fazenda com manufaturas rurais, o que provavelmente indica a presença de escravizados habitando este local, trabalhando na fabricação de tijolos e outros trabalhos agrícolas.;Trajeto Partenon e Santo Antônio;LINESTRING (-51.1895152 -30.0612533, -51.1939488 -30.0584745, -51.1966012 -30.0568842, -51.1968882 -30.0571148, -51.1963169 -30.0575017, -51.1973093 -30.05928, -51.1977385 -30.05941, -51.1996053 -30.0588342, -51.2019442 -30.0583514, -51.201043 -30.0548784, -51.200764 -30.054024, -51.1990689 -30.0524082, -51.2003349 -30.050458, -51.2009464 -30.049585, -51.1999569 -30.049079, -51.2056929 -30.0519719)
5;POINT (-51.1993468 -30.0557159);Companhia Geral de Indústria;A Companhia Geral de Indústria, depois Compahia Geral de Fogões, foi uma das maiores indústrias metalúrgicas de Porto Alegre. Ela estabeleceu-se no Partenon no final dos anos 1920 e permaneceu em atividade até os anos 2000. Depois, o prédio foi demolido e hoje o seu terreno é ocupado por um grande condomínio.;Trajeto Partenon e Santo Antônio;LINESTRING (-51.1895152 -30.0612533, -51.1939488 -30.0584745, -51.1966012 -30.0568842, -51.1968882 -30.0571148, -51.1963169 -30.0575017, -51.1973093 -30.05928, -51.1977385 -30.05941, -51.1996053 -30.0588342, -51.2019442 -30.0583514, -51.201043 -30.0548784, -51.200764 -30.054024, -51.1990689 -30.0524082, -51.2003349 -30.050458, -51.2009464 -30.049585, -51.1999569 -30.049079, -51.2056929 -30.0519719)
5;POINT (-51.2005412 -30.0508501);Campo da Veador Porto - Atlético Bancário Club e Grêmio Esportivo Estivadores;O local onde hoje é a Escola Apelles Porto Alegre, durante os anos 1920 foi o campo de futebol do Ypiranga nos anos 1930, o Campo da Veador Porto serviu à três equipes classistas: o Athlético Bancário Club, que era o time de futebol dos funcionários dos bancos, o Grêmio Esportivo dos Estivadores e o Geral Football Club, dos metalúrgicos da Companhia Geral de Indústria. Ainda hoje se pode ver parte do antigo muro do campo de futebol dentro da escola. Por conta da geografia e da localização, no vale do Arroio Dilúvio, o Partenon se tornou uma das “pátrias” do futebol operário e varzeano em Porto Alegre, onde, a partir de 1930, surgem um grande número de clubes populares.;Trajeto Partenon e Santo Antônio;LINESTRING (-51.1895152 -30.0612533, -51.1939488 -30.0584745, -51.1966012 -30.0568842, -51.1968882 -30.0571148, -51.1963169 -30.0575017, -51.1973093 -30.05928, -51.1977385 -30.05941, -51.1996053 -30.0588342, -51.2019442 -30.0583514, -51.201043 -30.0548784, -51.200764 -30.054024, -51.1990689 -30.0524082, -51.2003349 -30.050458, -51.2009464 -30.049585, -51.1999569 -30.049079, -51.2056929 -30.0519719)
5;POINT (-51.1999569 -30.049079);Revista Liberal;Neste local, atual Rua Monsenhor Veras, n.563, ficava o endereço de uma das mais importantes publicações anarquistas de todos os tempos do Rio Grande do Sul, que foi a Revista Liberal. A publicação circulou entre 1921 e 1923, tendo sido um veículo de difusão de ideias libertárias. O surgimento desta revista coincide com o período de intensa repressão depois das greves de 1917 a 1919, quando militantes ligados ao sindicalismo de resistência foram duramente perseguidos. Neste contexto, os militantes anarquistas fundam a Revista Liberal em um esforço de educar e agregar a classe trabalhadora, em um esforço de volta às bases para reerguer o movimento.;Trajeto Partenon e Santo Antônio;LINESTRING (-51.1895152 -30.0612533, -51.1939488 -30.0584745, -51.1966012 -30.0568842, -51.1968882 -30.0571148, -51.1963169 -30.0575017, -51.1973093 -30.05928, -51.1977385 -30.05941, -51.1996053 -30.0588342, -51.2019442 -30.0583514, -51.201043 -30.0548784, -51.200764 -30.054024, -51.1990689 -30.0524082, -51.2003349 -30.050458, -51.2009464 -30.049585, -51.1999569 -30.049079, -51.2056929 -30.0519719)
5;POINT (-51.2056929 -30.0519719);Praça Jayme Telles;A atual Praça Jayme Telles foi durante o século XIX se chamava Praça de São Miguel, por esta razão a região também era chamada de Arraial de São Miguel. A Praça e seu entorno se tornaram um lugar importante na paisagem social da região, pois ainda no século XIX foi instalada uma estação dos Carris Urbanos e foi fundada a Cervejaria Bade. Muito próximo dali, na Rua Vicente da Fontoura, ficava o Prado Boa Vista ou Hipódromo Porto Alegrense sua primeira fundação data de 1877, mas ele só se estabeleceu definitivamente em 1880, sendo o primeiro local moderna para corridas de cavalo em Porto Alegre. Antes mesmo do Hospital São Pedro, o Prado Boa Vista foi um fator de povoamento e desenvolvimento do bairro, já que a manutenção do Hipódromo e a prática do turfe envolvia diversos tipos de trabalhadores. A praça esportiva funcionou durante quase 30 anos, fechando suas portas em 1907.  ;Trajeto Partenon e Santo Antônio;LINESTRING (-51.1895152 -30.0612533, -51.1939488 -30.0584745, -51.1966012 -30.0568842, -51.1968882 -30.0571148, -51.1963169 -30.0575017, -51.1973093 -30.05928, -51.1977385 -30.05941, -51.1996053 -30.0588342, -51.2019442 -30.0583514, -51.201043 -30.0548784, -51.200764 -30.054024, -51.1990689 -30.0524082, -51.2003349 -30.050458, -51.2009464 -30.049585, -51.1999569 -30.049079, -51.2056929 -30.0519719)
6;POINT (-51.2552041 -30.1107701);Estação dos Trens da Tristeza;Um dos primeiros fatores de povoamento da Tristeza foi a proximidade da Hospedaria dos Imigrantes, estabelecida no Crystal na década de 1880. A maior leva de recém-chegados era de italianos, que se estabeleceram na região como camponeses. Em outubro de 1895, foi inaugurado a linha férrea que ia do Riacho até a Ponta do Dionísio (Vila Assunção), para o despejo dos dejetos da cidade essa linha foi depois estendida até a Praça da Tristeza e a Pedra Redonda. A partir dos anos 1910, a linha serviu para transportar pedras para a construção do Cais e outras obras públicas. Esse trem era equipado com um vagão de passageiros, o que foi fundamental para o desenvolvimento do arrabalde.;Trajeto da Tristeza;LINESTRING (-51.2548408 -30.1107315, -51.2549266 -30.1113626, -51.2551197 -30.1115668, -51.2552055 -30.112068, -51.2561711 -30.1124021, -51.2551626 -30.1121608, -51.2550057 -30.113044, -51.2542614 -30.1146295, -51.2508282 -30.1132559, -51.2543043 -30.1148336, -51.2533816 -30.1169867, -51.2536177 -30.117061, -51.2535748 -30.1168568, -51.2546047 -30.1147223, -51.2555778 -30.1151238, -51.259025 -30.1164113, -51.2599048 -30.1167269)
6;POINT (-51.2544317 -30.1111878);Depósito de Pedras;Na Praça da Tristeza, onde está o Colégio 3 de Outubro, havia um depósito de pedras, para serem embarcadas no trem para o Centro da cidade. Elas vinham das pedreiras localizadas nos morros do entorno e eram embarcadas depois do maquinista manobrar a locomotiva no triangulo em frente à Igreja. A extração de pedras foi uma das principais atividades econômicas do bairro e os canteiros uma das categorias mais organizadas, tanto que ali existia uma sucursal do Syndicato dos Canteiros de Porto Alegre durante os anos 1920. Além de grandes empreendimentos, como as Pedreiras do Estado, também existia uma exploração familiar desses recursos, como era o caso da pedreira de Emma Grüner.;Trajeto da Tristeza;LINESTRING (-51.2548408 -30.1107315, -51.2549266 -30.1113626, -51.2551197 -30.1115668, -51.2552055 -30.112068, -51.2561711 -30.1124021, -51.2551626 -30.1121608, -51.2550057 -30.113044, -51.2542614 -30.1146295, -51.2508282 -30.1132559, -51.2543043 -30.1148336, -51.2533816 -30.1169867, -51.2536177 -30.117061, -51.2535748 -30.1168568, -51.2546047 -30.1147223, -51.2555778 -30.1151238, -51.259025 -30.1164113, -51.2599048 -30.1167269)
6;POINT (-51.2561751 -30.1122644);Tristezense Futebol Clube;O Tristezense, junto com o Botafogo, foi o principal clube de futebol do arrabalde. Fundado em 1918, sua primeira sede foi na casa de Augusto Arends, depois, em 1923, no salão de Sócrates Gandolffi (Dr. Barbedo com Wencelau Escobar) e no ano de 1935, passou para o salão de José Gomes, logo em frente do anterior. Seu campo de jogo se localizava na Praça da Tristeza. Um elemento importante a ser demarcado é que durante os anos 1920, sua sede estava aberta à reuniões operárias, como do Bloco Operário e Camponês (BOC) o clube também fez parte, em 1929, da Liga de Desportes Proletários, que era a associação de clubes organizadas pelo Partido Comunista.;Trajeto da Tristeza;LINESTRING (-51.2548408 -30.1107315, -51.2549266 -30.1113626, -51.2551197 -30.1115668, -51.2552055 -30.112068, -51.2561711 -30.1124021, -51.2551626 -30.1121608, -51.2550057 -30.113044, -51.2542614 -30.1146295, -51.2508282 -30.1132559, -51.2543043 -30.1148336, -51.2533816 -30.1169867, -51.2536177 -30.117061, -51.2535748 -30.1168568, -51.2546047 -30.1147223, -51.2555778 -30.1151238, -51.259025 -30.1164113, -51.2599048 -30.1167269)
6;POINT (-51.2550057 -30.113044);Cinema Gioconda;Os primeiros cinemas da Tristeza foram o Maravalha e o 7 de Setembro, mas eram pequenos e improvisados. A primeira grande sala de cinema do Arrabalde foi o Cine-Theatro Gioconda, fundado no ano de 1925, a partir da ação dos irmãos Dariano. Durante décadas ele continuou como principal salão de festas e de reuniões da região. Sendo um arrabalde de operários e camponeses, o lugar também serviu para encontros de associações de trabalhadores. Em 1925, os canteiros se reuniram no local para reorganizar seu sindicato em 1927, o libertário Grupo Arte e Natura apresentava peças de Pietro Gori e em 1928, o salão abriu as portas para o carnaval da União Padeiral.;Trajeto da Tristeza;LINESTRING (-51.2548408 -30.1107315, -51.2549266 -30.1113626, -51.2551197 -30.1115668, -51.2552055 -30.112068, -51.2561711 -30.1124021, -51.2551626 -30.1121608, -51.2550057 -30.113044, -51.2542614 -30.1146295, -51.2508282 -30.1132559, -51.2543043 -30.1148336, -51.2533816 -30.1169867, -51.2536177 -30.117061, -51.2535748 -30.1168568, -51.2546047 -30.1147223, -51.2555778 -30.1151238, -51.259025 -30.1164113, -51.2599048 -30.1167269)
6;POINT (-51.2509752 -30.113096);Casa de Angelina Fumagalli;Na rua Dr. Mário Totta, ficava a casa de Angelina Fumagalli, primeira parteira e pioneira na assistência médica no bairro. Em um período onde não existiam hospitais, as parteiras eram detentoras de conhecimentos sobre a saúde, que eram consideardos fundamentais nas pequenas comunidades camponesas. Com a chegada de uma assistência médica oficial, o papel destas mulheres foi apagado. Hoje, infelizmente, seu nome foi esquecido e a Rua Dr. Mário Totta recorda apenas a memória do saber médico institucional na região.;Trajeto da Tristeza;LINESTRING (-51.2548408 -30.1107315, -51.2549266 -30.1113626, -51.2551197 -30.1115668, -51.2552055 -30.112068, -51.2561711 -30.1124021, -51.2551626 -30.1121608, -51.2550057 -30.113044, -51.2542614 -30.1146295, -51.2508282 -30.1132559, -51.2543043 -30.1148336, -51.2533816 -30.1169867, -51.2536177 -30.117061, -51.2535748 -30.1168568, -51.2546047 -30.1147223, -51.2555778 -30.1151238, -51.259025 -30.1164113, -51.2599048 -30.1167269)
6;POINT (-51.2509376 -30.1136204);Floricultura Winge e Jornal Bauernfreund;Josef Winge imigrou da Alemanha, primeireiramente para Cachoeira do Sul e depois para a Tristeza em 1885. Winge foi uma figura fundamental na modernização da agricultura e na organização dos camponeses, pois fundou com Theodor Amstadt a Bauernverein, foi redator do Bauernfreund e ajudou na criação do Syndicato Agrícola da Tristeza, em 1910. Winge ganhou uma série de prémios e introduziu diversas novas culturas na região.;Trajeto da Tristeza;LINESTRING (-51.2548408 -30.1107315, -51.2549266 -30.1113626, -51.2551197 -30.1115668, -51.2552055 -30.112068, -51.2561711 -30.1124021, -51.2551626 -30.1121608, -51.2550057 -30.113044, -51.2542614 -30.1146295, -51.2508282 -30.1132559, -51.2543043 -30.1148336, -51.2533816 -30.1169867, -51.2536177 -30.117061, -51.2535748 -30.1168568, -51.2546047 -30.1147223, -51.2555778 -30.1151238, -51.259025 -30.1164113, -51.2599048 -30.1167269)
6;POINT (-51.2538719 -30.1174347);Chácara Dariano;Na região da Rua da Igreja (atual Padre Reus), em direção à beira do Guaíba, ficava a Chácara da família Dariano. Esses imigrantes italianos aproveitaram da baixada úmida para plantar vime, instalando em sua casa uma pequena fábrica de móveis e artefatos, como balaios e garrafões, que eram utilizados pelas vinícolas e plantações dos camponeses da região. Com o tempo, a indústria cresceu e foi transferida para a Floresta, se tornando mais tarde a Casa Dariano. Esse é um exemplo entre muitos de indústrias que cresceram junto ao mundo rural, transferindo-se depois para uma zona fabril mais estruturada.;Trajeto da Tristeza;LINESTRING (-51.2548408 -30.1107315, -51.2549266 -30.1113626, -51.2551197 -30.1115668, -51.2552055 -30.112068, -51.2561711 -30.1124021, -51.2551626 -30.1121608, -51.2550057 -30.113044, -51.2542614 -30.1146295, -51.2508282 -30.1132559, -51.2543043 -30.1148336, -51.2533816 -30.1169867, -51.2536177 -30.117061, -51.2535748 -30.1168568, -51.2546047 -30.1147223, -51.2555778 -30.1151238, -51.259025 -30.1164113, -51.2599048 -30.1167269)
6;POINT (-51.2555778 -30.1151238);Sociedade Giuseppe Mazzinni;Em 1895, foi fundada pelos imigrantes italianos a Sociedade Beneficente Giuseppe Mazzinni, tendo sido construída um prédio próprio na Rua Mario Totta, n.471 uma das principais finalidades da sociedade era prover assistência médica e hospitalar, mas ela também foi um ponto de agregação da comunidade, tendo servido de sede para o União dos Pedreiros da Tristeza a partir de 1912. Em 1942, mudou seu nome para Sociedade Beneficente Alberto de Campos Velho e acabou perdendo a importância que possuía. Existia uma clausula que a sede não poderia ser vendida, devendo ser doada para uma associação de caridade, mesmo assim o terreno foi incorporado a uma propriedade particular e seu prédio destruído.;Trajeto da Tristeza;LINESTRING (-51.2548408 -30.1107315, -51.2549266 -30.1113626, -51.2551197 -30.1115668, -51.2552055 -30.112068, -51.2561711 -30.1124021, -51.2551626 -30.1121608, -51.2550057 -30.113044, -51.2542614 -30.1146295, -51.2508282 -30.1132559, -51.2543043 -30.1148336, -51.2533816 -30.1169867, -51.2536177 -30.117061, -51.2535748 -30.1168568, -51.2546047 -30.1147223, -51.2555778 -30.1151238, -51.259025 -30.1164113, -51.2599048 -30.1167269)
6;POINT (-51.2592921 -30.1163579);Hotel da Praia;O Hotel Lanzarini, ou Hotel da Praia, foi um dos mais importantes pontos de lazer da Tristeza. Fundado em 1901, por Tereza Capra e Francisco Lanzarini, fez parte de uma série de hospedagens, quiosques e clubes destinados ao veraneio da população de Porto Alegre, especialmente da burguesia e da classe média ascendente. O turismo foi um fator de desenvolvimento urbano do arrabalde da Tristeza, mas o espaço de lazer também é um espaço de trabalho. Durante as temporadas de verão haviam muitos garçons, cozinheiros e camareiros que trabalhavam nos lugares destinados aos turistas.;Trajeto da Tristeza;LINESTRING (-51.2548408 -30.1107315, -51.2549266 -30.1113626, -51.2551197 -30.1115668, -51.2552055 -30.112068, -51.2561711 -30.1124021, -51.2551626 -30.1121608, -51.2550057 -30.113044, -51.2542614 -30.1146295, -51.2508282 -30.1132559, -51.2543043 -30.1148336, -51.2533816 -30.1169867, -51.2536177 -30.117061, -51.2535748 -30.1168568, -51.2546047 -30.1147223, -51.2555778 -30.1151238, -51.259025 -30.1164113, -51.2599048 -30.1167269)
6;POINT (-51.2601182 -30.116859);Beira do Guaíba;Chegando à beira do Guaíba, é importante marcar a importância da relação do arrabalde com o rio, mesmo antes do desenvolvimento do núcleo urbano. A região era parte da estância de José Guimarães Tristeza, que herdou parte da sesmaria de Dionísio Mendes em 1791. Em 1794, foram instaladas charqueadas próximas ao Morro do Cristal e na Ponta do Dionísio, esta que existiu até 1888, além de olarias. Junto às charqueadas da região de Pelotas, essas foram das primeiras instaladas na Capitania de São Pedro, utilizando-se largamente de mão-de-obra de africanos escravizados, passado que a Tristeza compartilha com outras regiões da cidade.;Trajeto da Tristeza;LINESTRING (-51.2548408 -30.1107315, -51.2549266 -30.1113626, -51.2551197 -30.1115668, -51.2552055 -30.112068, -51.2561711 -30.1124021, -51.2551626 -30.1121608, -51.2550057 -30.113044, -51.2542614 -30.1146295, -51.2508282 -30.1132559, -51.2543043 -30.1148336, -51.2533816 -30.1169867, -51.2536177 -30.117061, -51.2535748 -30.1168568, -51.2546047 -30.1147223, -51.2555778 -30.1151238, -51.259025 -30.1164113, -51.2599048 -30.1167269)
6;POINT (-51.189822 -30.0607611);Hospital São Pedro;O Hospital São Pedro foi inaugurado na Estrada do Mato Grosso, em junho de 1884. O projeto estava de acordo com a lógica de isolar os alienados e aqueles cujo comportamento não se adequava aos padrões de normalidade, por isso foi escolhido o distante Arrabalde do Partenon para receber o hospital. A construção, comparada a um palácio, começou a receber cada vez mais pacientes, o que acabou resultando na sua ampliação em 1903. Com o advento da República, o Hospital São Pedro passou da Santa Casa para a administração estadual por insistência de Julio de Castilhos, a Companhia de Carris Urbanos estendeu uma linha de bondes em frente da instituição na década de 1890, o que também resultou em um incremento de visitas aos pacientes. Durante todo o século XX o Hospital São Pedro foi uma referência para o tratamento da saúde mental, o que fez com que um grande número de trabalhadores e trabalhadoras (tanto da área médica e dos cuidados hospitalares, quanto dos serviços gerais) fossem mobilizados para que ele mantivesse seu funcionamento, servindo como um fator de atração e concentração de pessoas nesta região da cidade.;Trajeto da Tristeza;LINESTRING (-51.2548408 -30.1107315, -51.2549266 -30.1113626, -51.2551197 -30.1115668, -51.2552055 -30.112068, -51.2561711 -30.1124021, -51.2551626 -30.1121608, -51.2550057 -30.113044, -51.2542614 -30.1146295, -51.2508282 -30.1132559, -51.2543043 -30.1148336, -51.2533816 -30.1169867, -51.2536177 -30.117061, -51.2535748 -30.1168568, -51.2546047 -30.1147223, -51.2555778 -30.1151238, -51.259025 -30.1164113, -51.2599048 -30.1167269)
